videoId,score
8wvBSa_uBkw,0.16605
qirN3zFJWCE,0.807
sqRmidn9i7c,0.6588
sDBpqTCDYpE,0.8591
43DjixEMk5E,0
33muO1wGv8w,0.20995
IG-fhwAPFJw,0.5859
hr9wirOTVIw,0.3062
13SQxda-OTA,0.6705
qNT7Qidomq0,0
wPAKyJL1TtM,-0.0572
dRhhjw57aXA,0.4404
-0mnrhMaUZQ,0.4902
bkNEVuilolg,0.5106
NH4DOlVZA20,0.1363
D5kVFVwkdLs,0.4404
rVd5WnS7HIs,0
kfEpy3doMKU,0
H05hh0wnsts,-0.23005
Ibrj8pRX8Zg,0.7177
K6xAqL84rbM,0.45185
JZthrNq3fuc,0.8016
k4ujOMz-x6o,0
unw-p1YPhus,0
HQPA5oNpfM4,0.117158281
Vufba_ZcoR0,0.162479983
videoId,0
P3GagfbA2vo,0.33864
etmRI2_9Q_A,0.049
F38BmgPcZ_I,0.29512
a6XtBLDmPA0,0.09436
szxPar0BcMo,-0.05458
jvnU0v6hcUo,0.00392
X0zudTQelzI,-0.07404
QV7CanyzhZg,0.15054
qCLmR9-YY7o,0.27476
TpcbfxtdoI8,-0.1028
itsb2SqR-R0,0.2661
TG55ErfdaeY,0.04536
8kK2zwjRV0M,0.09296
oPf27gAup9U,0.36552
CBezq1fFUEA,0.05884
vfe-eNq-Qyg,0.16682
sQK3Yr4Sc_k,-0.08906
00jbG_cfGuQ,0.14594
rlx6ur_D51s,-0.35424
Hs_JMydrxZM,0.02422
xzWL2XPBHMk,0.01644
U6KR4cLLVzQ,-0.20642
dPXNZkGYJHM,0.11704
T7Rv4tGRlfc,-0.2034
meC5Zl5PC1U,-0.29354
gV0_raKR2UQ,0.10038
MN8fjAjLLpg,0.233
eBA7P-zKbi8,-0.15084
_HK5gpg39pY,0.23318
KSjDe9_jZk8,-0.40148
kiInh5STnyQ,0.12402
cXTaP1BD1YY,-0.26854
_uKp4FHPjHU,0.14232
zjK7PWmRRyg,0.24842
DuVw9sGpWUc,-0.24486
5fJl_ZX91l0,0.38204
k108xCzJhbs,-0.14354
NnoFj2cMRLY,0.05572
6nGCGYWMObE,0.57718
lgKrup5oi_A,0.2694
oV3ZY6tJiA0,0.0648
VwlrvAvcO28,0.5274
GvYYFloV0aA,0.2059
YYPAFqQgbqE,-0.0231
cmKHYpC_jVs,-0.39036
mU2dhPlJWyY,0.35568
0eO0pPrGi6o,0.07224
wOclF9eP5uM,-0.17
Fzq_yuj-oZM,0.20208
tecocKSclwc,0.412
rNCw2MOfnLQ,0.1462
8E-oqahDnb8,0.3783
M5YKW6fhlss,0.56666
KrwtWKPAcRs,0.32354
p7uvqb8fcdA,-0.09956
hxhbOvR2TGk,0.07282
3xdmEwTIsd0,0.27698
ih4dY9i9JKE,0.26646
uNfUAJBuZ0s,0.26706
GoQG6Tin-1E,-0.0127
c7fqMPDcKXM,0.23278
pLlv2o6UfTU,0.0855
uHUO6PrsOzg,0.01942
L4aNmdL3Hr0,0.11824
JoscDcbAjbY,0.15236
oOuu8IBd-yo,0.23282
JeCKftkNKJ0,0.13392
WWqE7YHR4Jc,0.5632
dfsUz2O2jww,0.12212
V2381lUhqc0,0.02442
K4CKmYSMT_0,0.14858
iZOXW5aaCZg,0.39378
VxCORJ8dN3Y,0.36842
0wDlLwLIFeI,0.1195
O6lENrRANxY,0.30334
aRKyJRAxjpM,0.1488
iGiZXQVGpbY,0.07392
F6Su3rBxea8,0.3259
btGYcizV0iI,0.25478
bkVsus8Ehxs,-0.01888
ToC8rFFp88Y,0.0263
GcReek3z_38,0.17754
dCBDUDwaeCA,-0.02298
J1IyUPMXwS0,0.13442
rh0fxJkvL44,0.55714
epCOGAa7tRQ,0.14032
kX0jHv05FYM,0.1207
YvtCLceNf30,0.12174
bPFNxD3Yg6U,-0.01868
oXf0F4GYzWQ,0.1226
nGlQkaoIfBI,0.20526
hEWY6kkBdpo,0.45134
sNWrOuwzax8,-0.29348
kn83BA7cRNM,0.57266
5xTh44G6RYs,0.13576
LEN8FZEKaNU,0.16172
qmpDK-8ib2Y,0.05208
sxQaBpKfDRk,-0.13
zouPoc49xbk,0.39092
S294zRodS_4,0.08488
rtepIKeNHPU,0.19412
SWXNSkE3YEk,0.08944
rIrLuqTRqr0,0.00516
JBYqV2sK918,-0.18392
H9ipRaLa4Jw,0.10232
eBB3RKazIj8,0.295
GjuV-XdYHhA,0.59174
qsuqbPda5uo,0.1512
mLhwdITTrfE,-0.11148
0a21mndoORE,0.10602
3QhU9jd03a0,0.18398
sWppk7-Mti4,0.35028
FyZFoa7Vu1o,0.45802
E7CwqNHn_Ns,0.32318
O753uuutqH8,0.453
rL8X2mlNHPM,0.10404
RV50AV7-Iwc,0.17818
blFaiB5kj6I,0.15774
J2se_zimj40,0.07298
CyU54gV_PWM,-0.0015
V_NJAJGCKD8,-0.25618
vsnB4iBb78o,0.0343
zltgXvg6r3k,0.3245
QwhK-iEyXYA,0.26556
fpnE6UAfbtU,0.02122
ZIwyNIdgJBE,0.35476
DbTt_ySTjaY,0.42906
YnCJU6PaCio,0
gI-qXk7XojA,0.08804
LN0ucKNX0hc,0.30802
ylXVn-wh9eQ,0.01302
O5nskjZ_GoI,0.37258
3IsloHmKvWA,0.24612
IRBfpBPELmE,0.04438
y3-BX-jN_Ac,0.46972
RsldtV4jWA0,0.09154
H0CTHVCkm90,-0.35736
PrvtOWEXDIQ,0.13814
2Co6pNvd9mc,-0.14944
8bIys6JoEDw,0.33066
r_UfYY7aWKo,0.44896
FOoffXFpAlU,0.13332
TFlVWf8JX4A,0.1725
1ESU5ONMMxs,0.092
4i1MUWJoI0U,0.11716
vCGtkDzELAI,0.23638
WfNiQBXmPw8,0.06732
bDpW1sHrBaU,-0.0006
jxstE6A_CYQ,0.47678
fJefjG3xhW0,0.31052
17WiQ_tNld4,-0.26486
mjQwedC1WzI,-0.04324
w4QFJb9a8vo,0.37414
4XQXiCLzyAw,0.26392
AYkhlXronNk,0.3346
gs_gY1K1AMU,0.20846
kKKM8Y-u7ds,0
7Qtr_vA3Prw,0.35536
7e9v_fsZB6A,-0.02564
w3BhzYI6zXU,0.18952
TgisehuGOyY,0.8546
ObHJJYvu3RE,0.25352
cbBKoyjFLUY,-0.01782
kXhJ3hHK9hQ,0.2683
5C-s4JrymKM,-0.1977
dqxQ3E1bubI,0.58402
MLKrmw906TM,0.42484
PMhIQNkO_Y0,-0.13556
Sb_-wfmJnHA,0.11122
UWImfFax8Ew,0.11396
_tULRch1PRQ,-0.0583
1A_CAkYt3GY,0.18952
sDqGzMdhL1M,0.3656
13JOGWzY8kE,-0.06462
jDF-N3A60DE,0.34936
IGCVTSQw7WU,0.23572
rd2cf5hValM,0.13428
gzLM6ltw3l0,0.3968
2DFN4IBZ3rI,-0.06448
9B7Ix2VQEGo,0.04618
GIJK3dwCWCw,0.25304
0xMCWr0O3Hs,0.37256
9MpVjxxpExM,-0.02854
2A5QlpAyKSQ,0.46612
SUdAEGXLO-8,-0.0566
Z2zA9nPFN5A,0.0231
tZvjh1dxz08,0.20274
I82ADyJC7wE,0.25594
RFDatCchpus,0.37716
j_k_k-bHigM,0.0352
l128tW1H5a8,0.21138
NflULVECAFQ,0.02414
1dq7mMort9o,0.13854
fR3NxCR9z2U,0.4708
qZWPBKULkdQ,-0.24418
RrMvUL8HFlM,0.28076
PWx9DurgPn8,0.07818
yIoTRGfcMqM,0.21764
UHiUYj5EA0w,0.22366
bHZsvBdUC2I,0.21374
_4O1OlGyTuU,0.24794
g9aDizJpd_s,-0.17276
Zeeq0qaEaLw,-0.2572
ld75W1dz-h0,0.15872
v43ej5lCeBo,0.14174
kbwsF-A2sTg,0.04328
CWMh61yutjU,-0.06934
QjLcLguoKC4,-0.1825
jjy-eqWM38g,0.21762
3ez10ADR_gM,0.02224
X9ZZ6tcxArI,0.2708
mWYFwl93uCM,0.12856
ZJscxTyI__s,-0.1272
eWHH9je2zG4,0.24436
yB9HHyPpKds,0.16508
Ktv-CaOt6UQ,0.16094
mXw-hEB263k,-0.2034
1hIwD17Crko,-0.06992
DLxYDoN634c,-0.02054
RrN7IxvAJto,0.25842
o0DYP-u1rNM,0.11694
I8EQAnKntLs,-0.13228
Xwn8fQSW7-8,-0.10576
Q_9O8J9skL0,0.41398
Tamoj84j64I,0.03572
mFm3yA1nslE,-0.03082
RQOJgEA5e1k,0.17948
qqU-VjqjczE,0.30108
fnHb-zyWh14,0.1059
P3GkZe3nRQ0,0.056
5l02sK5LovI,-0.13456
71pCilo8k4M,0.2683
q8NtmDrb_qo,0.15912
b22HKFMIfWo,-0.02944
zPIhMJGWiM8,0.35528
L8urcMLGFyU,0.07658
VitFvNvRIIY,0.27564
evLR90Dx79M,0.0992
OZG8M_ldA1M,0.45154
qPix_X-9t7E,0.23956
v6xi8_7Fy6Y,-0.41098
Orumw-PyNjw,-0.0209
0bf3CwYCxXw,0.17962
Wc5zUK2MKNY,0.23516
Jvtb0a2RXaY,0.13722
01QWC-rZcfE,-0.06452
1wo2TLlMhiw,-0.24604
rP54LFFSZ1Q,0.08038
uBGl2BujkPQ,0.1475
XoTx7Rt4dig,0.37156
ka8csjsmX6I,0.48812
UGxGDdQnC1Y,-0.29254
UPggkvB9_dc,0.66826
h6HLDV0T5Q8,-0.0594
4E1JiDFxFGk,0.1661
ErOitC7OyHk,-0.07534
343ORgL3kIc,-0.10714
tq6be-CZJ3w,0.11942
Sgae8SA-rcI,-0.20092
aX7jnVXXG5o,-0.26218
wuhJ-GkRRQc,-0.05116
YF8AAJSTJoM,0.19346
Qymp_VaFo9M,0.21012
2NIgqS47m5k,-0.1834
75g4d5sF3xI,0.00838
9xTz3QjcloI,0.3819
94BtOtGVqLw,-0.13234
sUrV6oZ3zsk,0.43972
SKj4cr2C-3o,-0.0769
PzyXGUCngoU,0.11352
YcQg1EshfIE,-0.10724
iJn0ZPd6mYo,0.32492
ir0URpI9nKQ,0.1782
128Ts5r9NRE,0.02276
qG2SwE_6uVM,0.36458
w1Kw94qjdQA,0.6532
Z8tqY8fX0Ec,-0.18728
9PW1fwKjo-Y,0.18136
jReX7qKU2yc,0.29888
n46umYA_4dM,0.09918
unWnZvXJH2o,-0.0497
MS4jk5kavy4,0.24848
vo4pMVb0R6M,0.20046
L-K19rVDxoM,0.13464
2h4DkpFP_aw,0.06398
rHxxLYzJ8Sw,0.3097
pyN5LPHEQ_0,0.23078
lkXFb1sMa38,0.2364
UloIw7dhnlQ,0.2586
S64zRnnn4Po,-0.04824
KWAsz59F8gA,-0.11792
9C72ISMF_D0,0.23278
thnDxFdkzZs,0.07462
HofnGQwPgqs,0.00808
GCQfMWAikyU,-0.30594
VfOR1XCMf7A,-0.01322
7qOFtL3VEBc,-0.20776
y59wErqg4Xg,-0.0824
LS67vS10O5Y,-0.03592
Spgdy3HkcSs,0.31442
RRhjqqe750A,0.36378
cPDptc0wUYI,0.3442
r6tRp-zRUJs,-0.28502
PVL24HAesnc,-0.07224
nowsS7pMApI,0.0501
QXT4OVM4vXI,0.23696
GzTrKccmj_I,-0.08576
VRWRmIEHr3A,0.26318
ZsY4WcQOrfk,0.10478
rY9zHNOjGrs,0.13364
roNmeOOJCDY,-0.05472
tkdF8pOFUfI,-0.25264
TLRZAFU_9Kg,-0.10534
JbqtqCunYzA,0.57036
fM1czS_VYDI,0.26334
8SRAkXMu3d0,0.10066
beN4qE-e5O8,0.11464
BxUS1K7xu30,0.38216
Ajn9g5Gsv98,0.48782
RNftCCwAol0,0.07246
lQ6FBA1HM3s,0.41562
qMXqg2PKJZU,0.18902
_3Ox6vGteek,0.14816
ANi709MYnWg,0.33404
r161cLYzuDI,0.16306
bO7FQsCcbD8,-0.11826
rcKilE9CdaA,0.06766
Eytc9ZaNWyc,0.31978
0RRVV4Diomg,0.25428
hQpQ0hxVNTg,0.09136
TTYOQ05oDOI,-0.12928
FSyAehMdpyI,0.11256
o69TvQqyGdg,0.02212
uVFCOfSuPTo,0.4281
6E9WU9TGrec,-0.20948
R4WwhOdk_Eg,0.21286
5eTCZ9L834s,0.21966
2D7hZpIYlCA,0.06374
v6ubvEJ3KGM,0.135
xw9Au9OoN88,0.32974
jZKIHe2LDP8,-0.2423
I4kz-C7GryY,0.00368
E8dkWQVFAoA,-0.10026
MSYw502dJNY,0.09534
RBOsqmBQBQk,0.32048
5SnR-e0S6Ic,0.08216
izRvPaAWgyw,0
m4DUZhnNo4s,0.03558
y9HjvHZfCUI,0.02772
ExaQ8shhkw8,0.00424
h9oDTMXM7M8,0.15434
UUCEeC4f6ts,0.09482
_XPZQ0LAlR4,-0.12018
vAR47-g6tlA,-0.14978
alJaltUmrGo,0.20468
CeVtPDjJBPU,-0.19092
zhL5DCizj5c,0.10446
ZBw35Ze3bg8,-0.10532
5A_o-nU5s2U,-0.1464
WtrYotjYvtU,0.17976
lTTvKwCylFY,-0.37932
s06XzaKqELk,0.3378
HlUiSBXQHCw,0.0843
j0qbzNHmfW0,-0.02872
EyyDq19Mi3A,0.25828
rjhIzemLdos,0.111
kgZRZmEc9j4,0.07766
YQb7Xq0enTI,0.07438
HQPA5oNpfM4,0.016133333
YZCiE4RdBT4,0.39412
OHQGEBLizaY,-0.5267
h8oB67_ludk,0.387066667
dLRNsE_mFsw,0.6745
Lin2zQJEWrI,0.56775
g6jT0QGu6lc,0.42955
4Z2QY2wXUbM,0.61865
8BgonUxQXCE,0.508933333
DdDpzSVZb7k,0.448966667
AlQxbTPJJxk,0.6553
z5Vn3mTjxio,0.771866667
Rk_TJ3AvuLY,0.57512
jBcsQPypXMc,0.6488
EEtrGddlmdU,0.4404
hpZDHttWB34,0.4404
Qqr1W4bzC-M,0.60605
N18C-QUDB0M,0.5859
N7sZUxrA9jQ,0.6249
ydN9KiDt1XI,0
jfvXNGcOplQ,0.74675
SFuBoNNUCeo,0.4404
kjLvNMZ3YFU,0.418
r6Kz4UR7_H0,0.5199
g-hR5RroPWo,0.7269
psUimb-Ixr8,0.7408
-7o2U0FfI9o,0.74395
_fLO6sEBmao,0.6249
mp34HingOoE,0.69395
9cZoIIbrRfs,0.53265
7N8jWjfdlf4,0
LiVhDqaAe8Y,0.5859
_yg4n3NnjnQ,0
Y-B_6LRemOE,0.02135
D9UY5C1z1E0,0.521166667
Q4AwRLw3pUc,0.45318
wjzlAig0Egc,0.668266667
vIcHA48TImg,0.6237
ThrU5AlLmRc,0.7117
Hz4lWgF40sc,0.7019
aQvOLYpba3I,0.4404
qIotnRGE1rc,0.9004
WpcocBR6Pr4,0.85
PxtWO2VHpZI,0.5574
COSv-GJPsdg,0.6369
FpItCW45HQs,0
S9q9stRtSJQ,0.486066667
oWJpZ9PIgzI,0.59115
j5deSV7deSs,0.54192
8iDj6FOPJSE,0.561
BWiqAUak6xg,0.4215
UQGTfKFkhB4,0.5292
Vufba_ZcoR0,0.20095
NjEGncridoQ,0.21742
kTXTPe3wahc,0.29346
ovJcsL7vyrk,0.08412
Pm9CQn07OjU,-0.44412
QRt7LjqJ45k,0.11242
fDek6cYijxI,-0.00148
K-Fc08X56R0,0.0495
ThwuT3_AG6w,0
1VPfZ_XzisU,0.01204
pe83T9hISoY,0.2386
qnOoDE9rj6w,0.11666
dCXkaQa53QQ,0.14282
GhsZUZmJvaM,0.3212
GATuMWAFBUA,0.05396
E7uGvsT_nnM,-0.19068
BtCNBh0AsWM,0.17106
GcdB5bFwio4,0.08334
BZbChKzedEk,0.1481
AeJ9q45PfD0,0.16148
fHsa9DqmId8,0.23574
uxPdPpi5W4o,-0.07636
N7lXymxsdhw,0.22962
q3kSW633bsk,0.44758
S_GVbuddri8,0.09158
zUyH3XhpLTo,0.21398
rjDX5ItsOnQ,-0.01908
dg3pza4y2ws,0.35168
97t7Xj_iBv0,0.14978
eUzB0L0mSCI,0.02474
wCrtk-pyP0I,0.16372
ZQ--scjcAZ4,-0.3956
M2CMH57hXmY,-0.20336
fu3645D4ZlI,0.0843
aKwJayXTZUs,-0.02054
qQhUxd82Rr0,0.11788
u3FB2SuKFfI,0.06914
c_e1wITe_ig,0.5536
SAQ-iIJkLzA,0.33962
TIe2oerd25c,-0.02002
LKPwKFigF8U,-0.06324
CNodxp9Jy4A,0.26408
Cf7Ar3nEUmw,-0.2118
Yl_K2Ata6XY,0.1369
AY6Bg4GzCGs,0.3516
V9K6gjR07Po,0.0114
rAYW9n8i-C4,0.34
S1tFT4smd6E,0.28966
HD3k1hgbUXQ,0.04576
XAgXwUwQoPA,-0.5442
38gVZgE39K8,-0.39016
yArprk0q9eE,-0.21684
DL_mJeb6O04,0.38524
X_tYrnv_o6A,0.15926
EAyk2OsKvtU,0.10848
K7pQsR8WFSo,0.16034
G10m2ZZRH4U,0.30248
Oo0jm1PPRuo,0.15074
mNHp8iyyIjo,0.54262
4tgOyU34D44,-0.08842
kvARvzMErnk,0.55584
NVKO7UCIlgs,0.12204
_k9egfWvb7Y,0.20486
iZCRFRgSgas,-0.10674
SmSJXC6_qQ8,-0.1164
xdJwG_9kF8s,0.0008
e69XZJ9DEj0,-0.25796
72DCj3BztG4,-0.05896
HgCXdNhVC1Q,0.07224
R13BD8qKeTg,0.07064
mXaad0rsV38,0.29636
UBVV8pch1dM,0.03138
hbXDLKFkjm0,0.05606
pCON4zfMzjU,0.30566
WBjY3QGNdAw,0.0119
iphcyNWFD10,0.21334
dvk2PQNcg8w,0.07708
DWkYRh6OXy8,0.0513
LgrXd0NM2y8,0.09024
WIyTZDHuarQ,0.23448
Y2nQ8isf55s,0.21808
3LyFap2aUN0,-0.10658
g20JZ2HNZaw,0.1735
42QuXLucH3Q,0.178
cebFWOlx848,0.0103
rjht4oAByCI,-0.0024
2_OEsf-1qgY,0
5NhIRwCq428,0.3291
S20-1_XqVPM,0.03738
s7MTM4BKZ_E,0.05928
CNQf9vZqv7k,0.20448
K4vyRvMASPU,0.03998
aIx2N-viNwY,0.25092
_dDqFB-PjWg,-0.19834
He30D8M5fNc,0.14712
y9c8oZ49pFc,0.38406
c6wuh0NRG1s,0.29982
TcxZSmzPw8k,0.2901
EKR-HydGohQ,0.22568
mUxt--mMjwA,0.14524
knDIENvBTgw,0.1779
2OSrvzNW9FE,-0.05776
9DWnjcSo9J0,0.11708
cO57Zm-WNmg,0.09772
ihv4f7VMeJw,0.31516
5RLQ9WMP2Es,0.1513
IJ6GfBOYeLc,-0.07968
YMPzDiraNnA,0.3451
stRPiifxQnM,-0.01016
QD3hbVG1yxM,-0.09534
T_gCnf9-qW0,-0.31798
SQggDnScsvI,0.2413
AcLh-aSUdx0,0.54954
6YOz9Pxnzho,-0.1718
wU5XkhUGzBs,0.11018
ZuvK-od647c,0.2887
vBX-KulgJ1o,0.09108
TRL7o2kPqw0,0.3784
GEmuEWjHr5c,0.03554
lotbZQ55SgU,-0.10478
rv4MjaF_wow,0.20624
Rwa26CXG1fc,0.15426
OWXoRSIxyIU,0.2176
eNx9tvCrvv8,0.01092
jIMihpDmBpY,0.30084
1Xp_imnO6WE,0.44004
sMb00lz-IfE,0.05692
zUDqI9PJpc8,0.32086
BD6h-wDj7bw,0.39636
XBr4GkRnY04,0.3747
C_covjcIcZ4,-0.21122
2awbKQ2DLRE,-0.13784
PCxOEyyzmvQ,0.13898
tLMpdBjA2SU,0.0483
GeyDf4ooPdo,-0.45182
vKA4w2O61Xo,-0.00674
mXVGIb3bzHI,-0.18004
oVfHeWTKjag,0.4459
EPsG8td7C5k,0.01958
akIBlq5xAec,0.04144
N8HrMZB6_dU,-0.18
1tSqSMOyNFE,-0.0651
_xU3IRbCbyQ,0.16434
F69uqDIhr60,0.3478
1TKSfAkWWN0,0.41102
BLYoyLcdGPc,0.18268
vWVZ6APXM4w,-0.232
sWu9CyDwuFs,0.34246
zNzzGgr2mhk,0.20796
IcrBqCFLHIY,0.4044
bKldI-XGHIw,0.1187
g_IaVepNDT4,0.27214
5JGSqG8OLjE,0.14526
ro2MmmdARrs,0.3328
Ztc6QPNUqls,0.03618
J3xLuZNKhlY,0.10828
Hx9TwM4Pmhc,0.2009
xmYss_hNF4Q,0.15946
ZMByI4s-D-Y,-0.22992
GzbKb59my3U,0.10638
cztocbHiiqQ,0.0686
Iuv6hY6zsd0,-0.04046
5THOUSvpCKk,0.25376
myh94hpFmJY,0.22936
x4I9mmd-2Rc,0.15464
a8FTr2qMutA,0.13112
WMXhk_SATTc,0.27684
oPerfpxYJ1U,0.02024
6wr_Zw1uGY8,0.37084
NqdOyxJZj0U,-0.08038
BickMFHAZR0,0.28632
649iUqrOKuE,-0.16482
txmKr69jGBk,0.283
aRhkQTQxm4w,0.00514
rM04U5BO3Ug,-0.12776
a7_8Gc_Llr8,-0.16606
qiiFMRYUEQM,0.14102
vqDbMEdLiCs,-0.2817
ADJKsLEAOHo,0.1307
XBtBdNHBNSI,0.20878
M4CQ4T_K8Hw,0.32256
aFO4PBolwFg,-0.14102
2PP9lRSmmeo,0.28064
ljvX-RMv_lw,0.05514
oLyfBhi3xj4,0.54086
SnrdqCQuwK8,0.26166
5O-wAYKBBSc,0.21502
uiyMuHuCFo4,-0.18054
og1CzUmnSlE,-0.15638
tDr26U49_VA,0.04012
mAA613hqqZ0,0.09136
ty9QSiVC2g0,0.05018
h0SZZTBQmEs,0.13588
iQOHRKKNNLQ,0.04206
Ux33-5k8cjg,-0.068
knwiWm4DpvQ,0.12602
8EGXqZRwbzw,-0.01866
cY_o4A1wzsg,0.23692
2KZb2_vcNTg,0.40014
E9WUaBGH7_I,0.29724
Bwf3msm7rqM,0.11438
7rAiZR_zasg,0.15132
wQTVcaA3PQw,0.07224
lL2e0rWvjKI,0.03912
HUmZrtiXDik,-0.17076
t-3jnOIJg4k,0.14454
m8IGMFr62-Q,0.19718
I_rw-AJqpCM,0.10212
1tXPVTIisl0,0.30266
PifL8bAybyc,0.31628
Jip3BbZBpsM,-0.06172
8p9oumzcldc,0.5897
37H8PbRLXcs,0.4215
255CiMa1L-c,0.4215
ADaX9K-wm5Q,0.4215
aaFBVA8h-90,0.4215
F05la2OW_2w,0.4215
mM3ivxFvh8Q,0.4215
NZv9a8eEnSI,0.4215
OUFn_g5mpI4,0.4215
UMnQWn1rkAA,0.091
23f1jvGUWJs,0.02746
357_DHp3Nys,0.09026
vVKFBaaL4uM,0.33914
YHBvOOX3RJQ,0.17314
2kOQaHTPFI8,0.1289
dMwr0VYuExE,0.24922
JsytnJ_pSf8,-0.1074
RwTjsRt0Fzo,0.03866
wGIZKETKKdw,0.18314
eCMmmEEyOO0,0.04796
oKb2tCtpvNU,0.16612
KCL8zqjXbME,-0.089
p3b9pK-O6cE,-0.09384
Jeb3O87iXWI,0.37364
X-QFAB0gEtE,-0.07684
1erU-Cwcl2c,0.27314
KzOkuGQC3Rw,0.07594
EJrmR-RGjUM,-0.0984
CRSDxGtcsxE,-0.01854
1iIv1SuS164,0.0416
qQCVnjGUv24,0.0938
dHT5NZg7JXA,0.11718
gM3zP72-rJE,-0.16192
Stx6kLd9dYI,-0.1395
9zso7ChaQXQ,0.00998
TQxeutcYP6I,0.15682
bcstc1ozczQ,0.16762
4qe1Ueifekg,0.18004
hNGJ0WHXMyE,-0.15536
liqF6EamiE4,0.31922
YJbKieEC49M,0.28414
wzH_8TZ6oGI,-0.01506
vKsof8ax_Ns,0.3177
KI5CUGQET5I,0.0248
EyT3Yukdlu4,-0.21586
FhmLBxyX8Dw,0
exG4aGlCmEE,0.43418
lYc7kHXW0xg,0.39358
zuMjnP1YbPw,-0.32416
5yFnO2O6XPM,0.11786
cY-kiddvAg0,0.29934
tYmMtSWPQEI,0.13922
1ZcOusmB4Ls,0.1171
sehKAccM8p0,0.28432
UxbeLdXnaGU,0.41456
rmI_9Hty-Lw,0.09408
wQmnztyXwVA,0.18352
ph8xusY3GTM,0.34812
SeDaOigLBTU,0.09586
eVtCO84MDj8,0.48506
lRbI_vPyOnc,0.57926
Yf0BN0kq7OU,0.08742
d57C2drB_wc,0.07432
_mCC-68LyZM,-0.0086
oBdalzRJR5g,0.0843
SN1Q5ru2fI0,0
8bTdMmNZm2M,0.3653
mezkHBPLZ4A,0.27086
zN6kCa6xi9k,0.03734
aJc4DEkSq4I,0.17452
GmlMV7bA0TM,0.16116
Bz9D6xba9Og,0.16542
u7KpH9_I2Dw,0.2753
7LGi-Dlb8Vs,0.47072
_Z0X0yE8Ioc,0.22332
DBjZz0iQrzI,0.4294
WwmJ5nMmigQ,0.01544
2xKZRpAsWL8,0.17744
JUJPyQtoB5E,0.40378
U2g1H5wPmUE,-0.07582
b3TRUDKpoAs,-0.2916
zWZ0bJWQ-oA,0.24538
umgRTdvFK9Y,0.25474
vM_PUBj6nPk,0.11548
yGRoCbfgFvo,0.14466
6SZAlm82n3o,0.25688
W2FA19xEeB0,0.12486
EVhTGmdUkkA,0.22436
Pb5dyvdFsZA,-0.1323
2jtU1g70ZOM,-0.06894
_R_P6Zea30U,0.16242
4rs0Y2s4EtY,0.1079
Di36GksjreI,0.27008
OXTupfTyxfc,0.01844
2364PchhbdY,-0.11438
V95MHgiEApw,0.28198
PrhJGsFHvao,0.2388
e9gENw6NNGk,0.39816
mYEoKjsMLR8,0.0105
REf5XRkU1Yk,0.2147
EwR8Innf1jY,0.21592
3zqlCQ9iUXg,0.38164
tFl3-58-G80,0.46758
XAf6pI6a_ds,0.32182
R_Qa6GNiZ9g,-0.02394
sc_wkNEQg98,0.58896
clkcPD_LZdw,0.34536
wug5FUZtFqo,0.29408
zYnsyf_DyNo,-0.02902
JZH1kcO75qg,-0.02976
bJvmqwP5nZE,-0.04444
PZsgwt06K2o,0.24692
DfzLyuLVTrQ,0.19192
6nrcz6-u55s,0.364
UpNbF9gpOMQ,0.29702
e5dr285NFoc,0.2286
Vr7nzvwm2Z4,0.30484
_SSCVV3hXx8,0.13764
Hxf7qQNlvTE,0.20332
K4MNwUrbRAs,-0.11074
fJ9wJ3LdnKw,0.31456
7r5j_sMefkg,0.15756
oMYrYm1lWec,0.31446
WiCpKtkDezk,0.3439
eXqJPiVdtS4,0.18062
caaw32758k8,-0.60606
rUODOTS8pAg,0.0398
5wVRjjrvQsM,-0.21214
qTFCF9l5d50,0.39578
46_HdtxSBmo,0.04762
lfaYTx2hOFE,0.2872
BJOwz3p_TTk,0.4699
PLlpD-34cXY,0.45796
tN4GQsc-yOY,0.09924
WNHhwaP5fcw,0.01378
cgbRJfqlQJk,0.1817
4BG7UYGPgts,0.14494
vamSFJJiw48,0.22792
FXliSsJIl5A,0.20676
AEmr_8Op9jU,0.3297
IPGqTVkcd04,0.20832
G6YnBijnlc8,-0.12358
jt8fE-vmXBs,0.31666
pqX0a8n5KLk,0.14744
ZnDSckm-0rw,0.34106
wzmMAPRCc2M,0.38808
VeBNCIuFPe8,0.25426
sRkyWIFhPf4,-0.10236
eNFfZ3MU1nQ,0.31228
IY1y5pSFF48,0.71728
6BovePRYuSE,0.32384
18oXEzP2Yaw,-0.04046
YNQ3LVUo0g8,0.04962
OIfIvZc92yw,0.07456
nUzGuPX6WC8,-0.13734
wJEUnP4BcOg,0.08336
3sFSDbi5Ufc,0.25628
TCXFUTVQfJo,0.18744
WfsmxkzDRDw,0.03934
GXUF94wX420,0.0918
6kEEt4ic1Lw,0.11696
yxfj7lqiwSw,0.21148
uvZE7hSj53M,0.08556
ZQws41k5U1U,0.08094
Et2Cix65okE,0.23448
s0XJhixwnPw,-0.06664
JrTo53xdd8E,0.0772
Ev4OV4J9q10,0.24886
uWR2Jh2YRWM,-0.10558
WoCd1dNMAiM,0.1537
9hFXASMXn-E,0.31286
5rM_SpLSOwY,0.12738
FfasawhOo6k,-0.60188
mRugHiOboc8,0.08232
e4k-Q9vHexY,-0.06404
Y_8pWO1Qg6k,0.0228
pcENfm6wwAM,0.25868
UsE3ID7aygc,0.3774
6Lp7RNcITy0,0.1972
DQvoVGMonKg,0.31828
S-zI1UTukXI,-0.80494
uhLjL2QICIY,0.23546
_WMzzArjUac,0.30958
d6p_0W6pFwU,-0.09388
LvSRU_DlJDM,0.05464
LPpWHZafYjA,-0.19412
E99mORr0qvE,-0.17754
fWGTDWUh1zo,0
NTLSQCF6ohQ,0.3321
OwbWQRPWHh0,0.1296
SliqbvUtvos,-0.11034
MHo10rwKWAg,0.21628
LSBG3Co-Pf0,0.05068
SDKzVBv-xNI,-0.182
1X2HW92V8wM,0.23558
3y-xm6ADGTM,-0.0326
qnN0s7AYiys,0.05076
fhXKujzljfk,0.02902
VGzl7XTtDPw,0.1102
CxDb2lKVdgQ,-0.05274
E15cHoBv40s,-0.1956
g5BI4GlYKK0,0.50688
hoVzfTPq7II,-0.00702
Y7d0A5re7-0,-0.28136
fKBLeu4dnX8,0.12758
IY3OXWHEpHU,0.15998
YBRrQqDhj28,-0.00474
EPVazUPKBVA,0.0843
pLKGo5MZSOE,-0.1707
0M1t3RzS42U,0.10882
wZbN6zhO2ho,-0.12282
N6earwZSHRo,0.02938
kZyNMqcpFm8,-0.18268
bXPqvi4OHig,0.18812
KBnYPqfktYs,-0.09176
NIEQMk5KgFY,0.26838
Uuv6TPm0JDQ,0.21908
LdjOjT81pN8,0.09878
