channelTitle,title,viewCount,likeCount,dislikeCount,favoriteCount,commentCount,duration,categoryId
CrashCourse,World War II Civilians and Soldiers: Crash Course European History #39,130735,5648,148,0,557,PT14M25S,27
CrashCourse,World War II: Crash Course European History #38,252294,7708,274,0,880,PT16M15S,27
CrashCourse,Post-World War I Recovery: Crash Course European History #36,204517,6627,173,0,709,PT14M48S,27
CrashCourse,Russian Revolution and Civil War: Crash Course European History #35,275461,8045,545,0,1123,PT14M16S,27
CrashCourse,"WWI's Civilians, the Homefront, and an Uneasy Peace: Crash Course European History #34",208815,6032,164,0,537,PT14M7S,27
CrashCourse,The Future of Artificial Intelligence: Crash Course AI #20,101274,2408,94,0,194,PT11M,27
CrashCourse,Modern Life: Crash Course European History #30,166150,5071,222,0,582,PT14M33S,27
CrashCourse,Algorithmic Bias and Fairness: Crash Course AI #18,46089,1224,145,0,176,PT11M20S,27
CrashCourse,Migration: Crash Course European History #29,192967,5766,192,0,613,PT13M58S,27
CrashCourse,Expansion and Resistance: Crash Course European History #28,176515,5201,284,0,819,PT13M14S,27
CrashCourse,Understanding Financial Statements and Accounting: Crash Course Entrepreneurship #15,70397,2080,49,0,106,PT12M43S,27
CrashCourse,Italian and German Unification: Crash Course European History #27,306519,8084,188,0,699,PT14M22S,27
CrashCourse,How YouTube knows what you should watch: Crash Course AI #15,46230,1832,41,0,109,PT10M52S,27
CrashCourse,Revolutions of 1848: Crash Course European History #26,256180,6627,165,0,704,PT16M25S,27
CrashCourse,Reform and Revolution 1815-1848: Crash Course European History #25,222421,5665,95,0,393,PT14M6S,27
CrashCourse,The Industrial Revolution: Crash Course European History #24,349310,8004,146,0,714,PT17M6S,27
CrashCourse,The Congress of Vienna: Crash Course European History #23,256295,6405,92,0,407,PT14M1S,27
CrashCourse,The French Revolution: Crash Course European History #21,340421,8441,211,0,793,PT15M29S,27
CrashCourse,Enlightened Monarchs: Crash Course European History #19,253159,6460,94,0,436,PT13M41S,27
CrashCourse,The Enlightenment: Crash Course European History #18,409847,9304,234,0,608,PT16M23S,27
CrashCourse,How to make an AI read your handwriting (LAB) : Crash Course Ai #5,75481,2701,47,0,154,PT17M17S,27
CrashCourse,Training Neural Networks: Crash Course AI #4,78482,2526,45,0,128,PT12M29S,27
CrashCourse,Neural Networks and Deep Learning: Crash Course AI #3,132527,3694,94,0,182,PT12M23S,27
CrashCourse,Eastern Europe Consolidates: Crash Course European History #16,280540,7476,288,0,818,PT15M18S,27
CrashCourse,Crash Course Artificial Intelligence Preview,216803,9985,143,0,671,PT3M50S,27
CrashCourse,Absolute Monarchy: Crash Course European History #13,402966,8470,164,0,609,PT13M16S,27
CrashCourse,The 17th Century Crisis: Crash Course European History #11,478677,10851,328,0,825,PT13M30S,27
CrashCourse,"Commerce, Agriculture, and Slavery: Crash Course European History #8",331517,7993,279,0,608,PT15M34S,27
CrashCourse,The Protestant Reformation: Crash Course European History #6,514737,10923,229,0,915,PT15M44S,27
CrashCourse,The Age of Exploration: Crash Course European History #4,598672,10859,328,0,1008,PT15M40S,27
CrashCourse,The Biggest Problems We're Facing Today & The Future of Engineering: Crash Course Engineering #46,89680,2361,120,0,186,PT10M25S,27
CrashCourse,Florence and the Renaissance: Crash Course European History #2,725247,15709,243,0,919,PT14M34S,27
CrashCourse,Medieval Europe: Crash Course European History #1,1133011,27906,624,0,2039,PT14M9S,27
CrashCourse,The Secret to Business Writing: Crash Course Business - Soft Skills #3,91072,2925,69,0,140,PT11M44S,27
CrashCourse,Social Media: Crash Course Navigating Digital Information #10,86567,3622,47,0,284,PT16M51S,27
CrashCourse,Ecology: Crash Course History of Science #38,87109,2750,27,0,155,PT12M23S,27
CrashCourse,Evaluating Photos & Videos: Crash Course Navigating Digital Information #7,70424,2898,49,0,250,PT13M19S,27
CrashCourse,Evaluating Evidence: Crash Course Navigating Digital Information #6,89810,3352,59,0,323,PT13M21S,27
CrashCourse,The Computer and Turing: Crash Course History of Science #36,113763,3764,60,0,253,PT11M54S,27
CrashCourse,Using Wikipedia: Crash Course Navigating Digital Information #5,131088,4880,69,0,396,PT14M16S,27
CrashCourse,How Engineering Robots Works: Crash Course Engineering #33,78512,2006,57,0,133,PT11M2S,27
CrashCourse,Check Yourself with Lateral Reading: Crash Course Navigating Digital Information #3,175388,5654,122,0,411,PT13M52S,27
CrashCourse,Bertolt Brecht and Epic Theater: Crash Course Theater #44,91573,2472,34,0,133,PT11M51S,27
CrashCourse,Introduction to Crash Course Navigating Digital Information #1,228961,10676,127,0,803,PT13M34S,27
CrashCourse,Preventing Flint - Environmental Engineering: Crash Course Engineering #29,82127,2321,52,0,162,PT10M14S,27
CrashCourse,Crash Course Navigating Digital Information Preview,153017,5316,65,0,453,PT5M12S,27
CrashCourse,Electricity: Crash Course History of Science #27,153097,3410,148,0,432,PT12M33S,27
CrashCourse,ANOVA: Crash Course Statistics #33,135970,2127,113,0,138,PT13M17S,27
CrashCourse,Eugenics and Francis Galton: Crash Course History of Science #23,195834,4633,263,0,907,PT12M21S,27
CrashCourse,Regression: Crash Course Statistics #32,181305,3355,107,0,172,PT12M40S,27
CrashCourse,Darwin and Natural Selection: Crash Course History of Science #22,346398,6650,212,0,709,PT13M10S,27
CrashCourse,Earth Science: Crash Course History of Science #20,233109,4469,94,0,359,PT13M44S,27
CrashCourse,Biology Before Darwin: Crash Course History of Science #19,233561,5025,86,0,322,PT12M51S,27
CrashCourse,"Heat Engines, Refrigerators, & Cycles: Crash Course Engineering #11",104611,2229,67,0,141,PT10M44S,27
CrashCourse,The Law of Conservation: Crash Course Engineering #7,144320,3122,87,0,144,PT10M6S,27
CrashCourse,Cathedrals and Universities: Crash Course History of Science #11,221718,5106,90,0,398,PT12M30S,27
CrashCourse,Biomedical & Industrial Engineering: Crash Course Engineering #6,222052,5289,74,0,297,PT10M27S,27
CrashCourse,The History of Chemical Engineering: Crash Course Engineering #5,196733,4522,81,0,269,PT9M,27
CrashCourse,Ancient & Medieval Medicine: Crash Course History of Science #9,365219,7877,152,0,411,PT12M6S,27
CrashCourse,Medieval China: Crash Course History of Science #8,446072,8981,220,0,1032,PT12M35S,27
CrashCourse,What is Engineering?: Crash Course Engineering #1,577195,15114,327,0,1191,PT9M37S,27
CrashCourse,The Medieval Islamicate World: Crash Course History of Science #7,593230,17700,620,0,3079,PT13M4S,27
CrashCourse,Crash Course Engineering Preview,386868,8595,92,0,740,PT2M10S,27
CrashCourse,Roman Engineering: Crash Course History of Science #6,517503,10389,354,0,793,PT12M29S,27
CrashCourse,The Americas and Time Keeping: Crash Course History of Science #5,305174,6044,146,0,518,PT12M49S,27
CrashCourse,Just Say Noh. But Also Say Kyogen: Crash Course Theater #11,102452,2485,46,0,154,PT12M55S,27
CrashCourse,Plato and Aristotle: Crash Course History of Science #3,657389,12211,286,0,645,PT12M29S,27
CrashCourse,The Presocratics: Crash Course History of Science #2,462016,9936,140,0,603,PT12M32S,27
CrashCourse,The Death and Resurrection of Theater as...Liturgical Drama: Crash Course Theater #8,85858,1859,39,0,131,PT12M34S,27
CrashCourse,Intro to History of Science: Crash Course History of Science #1,575068,15311,276,0,1039,PT12M20S,27
CrashCourse,Crash Course History of Science Preview,506312,9187,86,0,647,PT2M3S,27
CrashCourse,The Shape of Data: Distributions: Crash Course Statistics #7,251454,3988,86,0,197,PT11M23S,27
CrashCourse,"History of Media Literacy, Part 1: Crash Course Media Literacy #2",160231,3681,49,0,197,PT9M51S,27
CrashCourse,Tragedy Lessons from Aristotle: Crash Course Theater #3,219572,4248,84,0,214,PT12M30S,27
CrashCourse,Charts Are Like Pasta - Data Visualization Part 1: Crash Course Statistics #5,196034,3568,113,0,201,PT10M22S,27
CrashCourse,What Is Theater? Crash Course Theater #1,295941,6749,124,0,481,PT14M7S,27
CrashCourse,"Mean, Median, and Mode: Measures of Central Tendency: Crash Course Statistics #3",380756,6679,141,0,345,PT11M23S,27
CrashCourse,"Pride and Prejudice, Part 1: Crash Course Literature 411",465574,12897,131,0,536,PT11M44S,27
CrashCourse,Crash Course Theater and Drama Preview!,232961,5639,52,0,639,PT3M49S,27
CrashCourse,Mythical Language and Idiom: Crash Course World Mythology #41,262631,9741,97,0,1298,PT12M49S,27
CrashCourse,What Is Statistics: Crash Course Statistics #1,818325,14614,335,0,852,PT13M,27
CrashCourse,Crash Course Statistics Preview,528844,11353,77,0,892,PT3M,27
CrashCourse,Education In Society: Crash Course Sociology #40,189929,3553,297,0,288,PT11M32S,27
CrashCourse,The Yellow Wallpaper: Crash Course Literature 407,427320,10955,183,0,552,PT13M35S,27
CrashCourse,Serpents and Dragons: Crash Course World Mythology #38,526016,12355,229,0,1021,PT11M24S,27
CrashCourse,To Film School or Not To Film School: Crash Course Film Production #14,179292,5530,207,0,327,PT9M32S,27
CrashCourse,"George Orwell's 1984, Part 2: Crash Course Literature 402",600044,14376,252,0,1065,PT12M42S,27
CrashCourse,"1984 by George Orwell, Part 1: Crash Course Literature 401",1354134,30760,871,0,2477,PT14M28S,27
CrashCourse,"Ma'ui, Oceania's Hero: Crash Course World Mythology #31",659627,13654,264,0,994,PT13M24S,27
CrashCourse,Social Mobility: Crash Course Sociology #26,164148,3133,207,0,343,PT9M2S,27
CrashCourse,Rama and the Ramayana: Crash Course World Mythology #27,956494,13225,534,0,2528,PT13M25S,27
CrashCourse,Studying for Exams: Crash Course Study Skills #7,527819,14056,156,0,547,PT8M59S,27
CrashCourse,The Impacts of Social Class: Crash Course Sociology #25,200687,3781,229,0,494,PT9M24S,27
CrashCourse,Computer Networks: Crash Course Computer Science #28,511001,9531,179,0,402,PT12M20S,27
CrashCourse,The Epic of Gilgamesh: Crash Course World Mythology #26,1636637,27939,1172,0,2314,PT13M46S,27
CrashCourse,The Apocalyspe: Crash Course World Mythology #23,697724,11632,459,0,1539,PT12M3S,27
CrashCourse,Taking Notes: Crash Course Study Skills #1,1458613,43806,525,0,2038,PT8M51S,27
CrashCourse,Software Engineering: Crash Course Computer Science #16,533628,10436,202,0,798,PT10M35S,27
CrashCourse,Intro to Algorithms: Crash Course Computer Science #13,931314,16888,405,0,782,PT11M44S,27
CrashCourse,"Cultures, Subcultures, and Countercultures: Crash Course Sociology #11",483353,7644,366,0,654,PT9M40S,27
CrashCourse,Theories of Myth: Crash Course World Mythology #12,409944,8857,171,0,647,PT12M15S,27
CrashCourse,African Pantheons and the Orishas: Crash Course World Mythology #11,778408,19728,634,0,1932,PT11M10S,27
CrashCourse,The Norse Pantheon: Crash Course World Mythology #10,1112839,20251,460,0,1906,PT12M45S,27
CrashCourse,Indian Pantheons: Crash Course World Mythology #8,1123321,21840,1407,0,4115,PT12M31S,27
CrashCourse,Movies are Magic: Crash Course Film History #1,630415,16403,212,0,1004,PT9M44S,27
CrashCourse,Instructions & Programs: Crash Course Computer Science #8,483030,9091,105,0,529,PT10M36S,27
CrashCourse,Sociology Research Methods: Crash Course Sociology #4,553118,8003,318,0,579,PT10M11S,27
CrashCourse,Registers and RAM: Crash Course Computer Science #6,956976,20265,260,0,1206,PT12M17S,27
CrashCourse,Sociology & the Scientific Method: Crash Course Sociology #3,523632,8272,459,0,993,PT9M56S,27
CrashCourse,Major Sociological Paradigms: Crash Course Sociology #2,873326,14069,576,0,1457,PT9M39S,27
CrashCourse,What Is Sociology?: Crash Course Sociology #1,1804815,35385,1818,0,3628,PT9M42S,27
CrashCourse,Boolean Logic & Logic Gates: Crash Course Computer Science #3,1396030,27505,499,0,1294,PT10M7S,27
CrashCourse,Electronic Computing: Crash Course Computer Science #2,1097277,20374,306,0,959,PT10M44S,27
CrashCourse,Crash Course Sociology Preview,807206,12541,469,0,1430,PT1M20S,27
CrashCourse,Early Computing: Crash Course Computer Science #1,1921017,38982,765,0,1802,PT11M53S,27
CrashCourse,Assisted Death & the Value of Life: Crash Course Philosophy #45,658062,18206,259,0,2122,PT9M54S,27
CrashCourse,Light Is Waves: Crash Course Physics #39,643798,6975,314,0,623,PT9M45S,27
CrashCourse,Non-Human Animals: Crash Course Philosophy #42,666760,21032,903,0,7217,PT9M47S,27
CrashCourse,Discrimination: Crash Course Philosophy #41,583224,14785,2673,0,4018,PT9M7S,27
CrashCourse,What Is Justice?: Crash Course Philosophy #40,916281,16597,298,0,1799,PT10M15S,27
CrashCourse,Aristotle & Virtue Theory: Crash Course Philosophy #38,1616235,28305,362,0,1420,PT9M22S,27
CrashCourse,Contractarianism: Crash Course Philosophy #37,950818,16107,263,0,1695,PT9M32S,27
CrashCourse,Utilitarianism: Crash Course Philosophy #36,2394016,42114,684,0,3445,PT10M1S,27
CrashCourse,Kant & Categorical Imperatives: Crash Course Philosophy #35,1832592,27058,422,0,1643,PT10M27S,27
CrashCourse,Natural Law Theory: Crash Course Philosophy #34,1061514,15573,354,0,1293,PT9M39S,27
CrashCourse,Metaethics: Crash Course Philosophy #32,1098643,18671,283,0,2098,PT9M34S,27
CrashCourse,Electric Charge: Crash Course Physics #25,1165431,14220,428,0,907,PT9M42S,27
CrashCourse,How Words Can Harm: Crash Course Philosophy #28,659089,21713,8788,0,6318,PT10M46S,27
CrashCourse,Thermodynamics: Crash Course Physics #23,858633,10803,402,0,854,PT10M4S,27
CrashCourse,Determinism vs Free Will: Crash Course Philosophy #24,1815322,39793,999,0,9200,PT10M26S,27
CrashCourse,Lord of the Flies: Crash Course Literature 305,1186007,23034,2526,0,2811,PT11M55S,27
CrashCourse,Shakespeare's Sonnets: Crash Course Literature 304,609316,10740,205,0,637,PT12M27S,27
CrashCourse,Simple Harmonic Motion: Crash Course Physics #16,869297,9958,403,0,618,PT9M11S,27
CrashCourse,Fluids in Motion: Crash Course Physics #15,576288,8810,187,0,580,PT9M47S,27
CrashCourse,Arguments Against Personal Identity: Crash Course Philosophy #20,863184,17956,231,0,1404,PT9M44S,27
CrashCourse,Perspectives on Death: Crash Course Philosophy #17,1679016,40514,576,0,4196,PT9M1S,27
CrashCourse,"Work, Energy, and Power: Crash Course Physics #9",1532752,16792,644,0,1298,PT9M55S,27
CrashCourse,The Economics of Immigration: Crash Course Econ #33,426520,8288,1864,0,2892,PT11M21S,27
CrashCourse,"Anti-Vaxxers, Conspiracy Theories, & Epistemic Responsibility: Crash Course Philosophy #14",1095893,22021,830,0,4337,PT9M47S,27
CrashCourse,What Is God Like?: Crash Course Philosophy #12,1585573,35511,1544,0,12949,PT10M32S,27
CrashCourse,Newton's Laws: Crash Course Physics #5,2403470,25301,1108,0,2042,PT11M4S,27
CrashCourse,Taxes: Crash Course Economics #31,752229,9097,532,0,2758,PT12M29S,27
CrashCourse,Intelligent Design: Crash Course Philosophy #11,1724969,29856,1440,0,10918,PT9M34S,27
CrashCourse,Vectors and 2D Motion: Crash Course Physics #4,924773,10639,298,0,900,PT10M6S,27
CrashCourse,Aquinas & the Cosmological Arguments: Crash Course Philosophy #10,1611123,26895,887,0,6599,PT10M26S,27
CrashCourse,Derivatives: Crash Course Physics #2,1292172,17902,845,0,2264,PT10M2S,27
CrashCourse,The Economics of Healthcare: Crash Course Econ #29,693663,9746,488,0,1564,PT10M26S,27
CrashCourse,"Karl Popper, Science, & Pseudoscience: Crash Course Philosophy #8",1517122,30785,384,0,3322,PT8M57S,27
CrashCourse,The Meaning of Knowledge: Crash Course Philosophy #7,1548133,22783,290,0,1770,PT10M12S,27
CrashCourse,"Locke, Berkeley, & Empiricism: Crash Course Philosophy #6",1647529,24757,265,0,2219,PT9M52S,27
CrashCourse,Behavioral Economics: Crash Course Economics #27,527849,10034,163,0,640,PT10M34S,27
CrashCourse,"Cartesian Skepticism - Neo, Meet Rene: Crash Course Philosophy #5",1682364,29725,283,0,2313,PT10M1S,27
CrashCourse,Foreign Policy: Crash Course Government and Politics #50,460097,7017,268,0,835,PT10M,27
CrashCourse,Monopolies and Anti-Competitive Markets: Crash Course Economics #25,619173,8121,224,0,1077,PT10M17S,27
CrashCourse,How to Argue - Induction & Abduction: Crash Course Philosophy #3,1865287,32010,323,0,1776,PT10M18S,27
CrashCourse,"Revenue, Profits, and Price: Crash Course Economics #24",511277,7670,153,0,493,PT11M10S,27
CrashCourse,Monetary and Fiscal Policy: Crash Course Government and Politics #48,486267,5091,203,0,605,PT9M19S,27
CrashCourse,What is Philosophy?: Crash Course Philosophy #1,4289284,75100,1012,0,6076,PT10M35S,27
CrashCourse,Government Regulation: Crash Course Government and Politics #47,242120,3157,218,0,784,PT9M49S,27
CrashCourse,"Market Failures, Taxes, and Subsidies: Crash Course Economics #21",827434,10982,424,0,1353,PT12M12S,27
CrashCourse,Deep Time: Crash Course Astronomy #45,1642668,29865,599,0,4003,PT15M15S,27
CrashCourse,A Brief History of the Universe: Crash Course Astronomy #44,755198,13124,208,0,1250,PT12M36S,27
CrashCourse,"Immune System, Part 3: Crash Course A&P #47",1789887,23704,245,0,1237,PT9M37S,27
CrashCourse,"Dark Energy, Cosmology part 2: Crash Course Astronomy #43",819416,13470,166,0,1464,PT11M23S,27
CrashCourse,"Immune System, Part 2: Crash Course A&P #46",2242050,22752,335,0,1154,PT9M44S,27
CrashCourse,"The Big Bang, Cosmology part 1: Crash Course Astronomy #42",1003203,15824,367,0,2924,PT13M23S,27
CrashCourse,"Immune System, Part 1: Crash Course A&P #45",3747092,39853,810,0,1811,PT9M13S,27
CrashCourse,Income and Wealth Inequality: Crash Course Economics #17,1053221,14095,2255,0,3899,PT10M16S,27
CrashCourse,Globalization and Trade and Poverty: Crash Course Economics #16,818989,8908,439,0,927,PT9M2S,27
CrashCourse,Political Campaigns: Crash Course Government and Politics #39,463327,4761,145,0,624,PT9M36S,27
CrashCourse,"Reproductive System, Part 3 - Sex & Fertilization: Crash Course A&P #42",1278653,8130,205,0,575,PT9M59S,27
CrashCourse,Gamma-Ray Bursts: Crash Course Astronomy #40,894327,15082,248,0,1198,PT14M5S,27
CrashCourse,Economic Schools of Thought: Crash Course Economics #14,1076030,16126,1340,0,3869,PT10M5S,27
CrashCourse,"Galaxies, part 1: Crash Course Astronomy #38",1006780,12878,225,0,814,PT12M6S,27
CrashCourse,"Reproductive System, Part 1 - Female Reproductive System: Crash Course A&P #40",3091735,20989,797,0,1359,PT10M15S,27
CrashCourse,Political Ideology: Crash Course Government and Politics #35,1751471,25204,1187,0,5793,PT8M47S,27
CrashCourse,"Urinary System, Part 1: Crash Course A&P #38",2796363,22134,691,0,925,PT10M18S,27
CrashCourse,Shaping Public Opinion: Crash Course Government and Politics #34,316027,4229,97,0,317,PT7M21S,27
CrashCourse,What's all the Yellen About? Monetary Policy and the Federal Reserve: Crash Course Economics #10,1032541,11573,444,0,1166,PT9M25S,27
CrashCourse,"Metabolism & Nutrition, Part 1: Crash Course A&P #36",1861985,22930,517,0,841,PT10M33S,27
CrashCourse,Black Holes: Crash Course Astronomy #33,1952104,29929,419,0,3125,PT12M26S,27
CrashCourse,Neutron Stars: Crash Course Astronomy #32,1795626,27992,506,0,2299,PT12M57S,27
CrashCourse,High Mass Stars: Crash Course Astronomy #31,1475015,22177,442,0,1837,PT12M17S,27
CrashCourse,"Digestive System, Part 1: Crash Course A&P #33",2868149,23794,729,0,1149,PT11M5S,27
CrashCourse,Productivity and Growth: Crash Course Economics #6,1104399,12658,402,0,1191,PT8M51S,27
CrashCourse,"Respiratory System, Part 1: Crash Course A&P #31",2964947,22054,1016,0,1248,PT9M22S,27
CrashCourse,Search and Seizure: Crash Course Government and Politics #27,525342,6097,161,0,616,PT7M38S,27
CrashCourse,Supply and Demand: Crash Course Economics #4,2074785,22966,822,0,2059,PT10M22S,27
CrashCourse,Freedom of Speech: Crash Course Government and Politics #25,690666,8355,239,0,1103,PT6M52S,27
CrashCourse,Stars: Crash Course Astronomy #26,1215553,15397,331,0,958,PT10M41S,27
CrashCourse,"Blood Vessels, Part 1 - Form and Function: Crash Course A&P #27",1619043,14980,295,0,495,PT9M30S,27
CrashCourse,Civil Rights & Liberties: Crash Course Government #23,768596,6669,216,0,809,PT7M56S,27
CrashCourse,Distances: Crash Course Astronomy #25,1290589,19091,494,0,1460,PT11M21S,27
CrashCourse,Judicial Decisions: Crash Course Government and Politics #22,399487,3599,101,0,236,PT7M14S,27
CrashCourse,Light: Crash Course Astronomy #24,1312163,22344,309,0,1492,PT10M34S,27
CrashCourse,Intro to Economics: Crash Course Econ #1,4510790,56718,2425,0,4496,PT12M9S,27
CrashCourse,"The Heart, Part 1 - Under Pressure: Crash Course A&P #25",3897959,38024,741,0,1461,PT10M8S,27
CrashCourse,Judicial Review: Crash Course Government and Politics #21,761532,6322,205,0,549,PT8M1S,27
CrashCourse,The Oort Cloud: Crash Course Astronomy #22,1360365,18069,367,0,1370,PT11M41S,27
CrashCourse,"Endocrine System, Part 1 - Glands & Hormones: Crash Course A&P #23",3457505,31221,797,0,1175,PT10M25S,27
CrashCourse,Comets: Crash Course Astronomy #21,694956,9292,134,0,537,PT11M55S,27
CrashCourse,"Muscles, Part 1 - Muscle Cells: Crash Course A&P #21",4114451,45061,938,0,1599,PT10M24S,27
CrashCourse,Legal System Basics: Crash Course Government and Politics #18,800014,7637,263,0,430,PT8M14S,27
CrashCourse,Uranus & Neptune: Crash Course Astronomy #19,1536901,18126,492,0,1884,PT12M19S,27
CrashCourse,Joints: Crash Course A&P #20,1959397,21018,410,0,857,PT9M23S,27
CrashCourse,"Patents, Novelty, and Trolls: Crash Course Intellectual Property #4",248997,4221,74,0,284,PT9M51S,27
CrashCourse,Vision: Crash Course A&P #18,2106865,21725,421,0,1206,PT9M39S,27
CrashCourse,Bureaucracy Basics: Crash Course Government and Politics #15,854594,7819,275,0,525,PT6M59S,27
CrashCourse,Jupiter: Crash Course Astronomy #16,1377966,17390,234,0,1048,PT10M43S,27
CrashCourse,"Copyright, Exceptions, and Fair Use: Crash Course Intellectual Property #3",308410,5426,104,0,520,PT11M39S,27
CrashCourse,Copyright Basics: Crash Course Intellectual Property 2,416953,6378,159,0,878,PT12M18S,27
CrashCourse,Taste & Smell: Crash Course A&P #16,1298020,12325,267,0,770,PT10M30S,27
CrashCourse,Introduction to Intellectual Property: Crash Course IP 1,651258,10696,337,0,961,PT10M10S,27
CrashCourse,Parasympathetic Nervous System: Crash Course A&P #15,1128072,12521,157,0,817,PT10M17S,27
CrashCourse,Presidential Powers 2: Crash Course Government and Politics #12,775228,6293,153,0,428,PT7M53S,27
CrashCourse,Mercury: Crash Course Astronomy #13,1112823,13905,213,0,784,PT10M18S,27
CrashCourse,Presidential Power: Crash Course Government and Politics #11,1115360,9097,283,0,663,PT6M30S,27
CrashCourse,Autonomic Nervous System: Crash Course A&P #13,1865744,18189,361,0,601,PT8M49S,27
CrashCourse,Central Nervous System: Crash Course A&P #11,2670851,25060,448,0,969,PT10M8S,27
CrashCourse,The Sun: Crash Course Astronomy #10,1611197,20562,469,0,1614,PT12M4S,27
CrashCourse,Capitalism and the Dutch East India Company: Crash Course World History 229,1621280,22859,698,0,4027,PT15M40S,27
CrashCourse,Congressional Leadership: Crash Course Government and Politics #8,705007,6448,211,0,600,PT8M12S,27
CrashCourse,"The Nervous System, Part 3 - Synapses!: Crash Course A&P #10",2851690,27268,453,0,1054,PT10M57S,27
CrashCourse,Congressional Committees: Crash Course Government and Politics #7,878456,7539,183,0,1189,PT8M28S,27
CrashCourse,"The Nervous System, Part 2 - Action! Potential!: Crash Course A&P #9",4265313,44908,659,0,1725,PT11M44S,27
CrashCourse,"The Nervous System, Part 1: Crash Course A&P #8",5258809,51844,1092,0,2104,PT10M36S,27
CrashCourse,War and Nation Building in Latin America: Crash Course World History 225,1351620,19073,782,0,3191,PT12M14S,27
CrashCourse,"The Integumentary System, Part 1 - Skin Deep: Crash Course A&P #6",2459949,22681,507,0,915,PT9M40S,27
CrashCourse,Separation of Powers and Checks and Balances: Crash Course Government and Politics #3,2011784,18227,892,0,1585,PT8M31S,27
CrashCourse,The Vikings! - Crash Course World History 224,2695592,34093,1270,0,4650,PT11M18S,27
CrashCourse,"Tissues, Part 4 - Types of Connective Tissues: Crash Course A&P #5",1329844,13056,198,0,570,PT9M43S,27
CrashCourse,Cycles in the Sky: Crash Course Astronomy #3,1102554,16171,153,0,1051,PT9M29S,27
CrashCourse,Conflict in Israel and Palestine: Crash Course World History 223,7231184,100364,11244,0,35811,PT12M53S,27
CrashCourse,Water and Classical Civilizations: Crash Course World History 222,1244501,14964,299,0,1314,PT11M9S,27
CrashCourse,Introduction to Anatomy & Physiology: Crash Course A&P #1,5537394,65736,1148,0,3005,PT11M20S,27
CrashCourse,Aggression vs. Altruism: Crash Course Psychology #40,1098035,17828,203,0,1500,PT10M41S,27
CrashCourse,Islam and Politics: Crash Course World History 216,2873146,43171,3867,0,12525,PT13M28S,27
CrashCourse,Social Influence: Crash Course Psychology #38,1670210,22936,241,0,1095,PT10M8S,27
CrashCourse,Human Evolution: Crash Course Big History #6,2427020,33001,1509,0,7625,PT16M13S,27
CrashCourse,Social Thinking: Crash Course Psychology #37,1947793,27091,372,0,1335,PT10M48S,27
CrashCourse,Personality Disorders: Crash Course Psychology #34,3423265,56467,1473,0,4085,PT10M58S,27
CrashCourse,The End of Civilization (In the Bronze Age): Crash Course World History 211,2104068,24175,980,0,2434,PT12M58S,27
CrashCourse,Trauma and Addiction: Crash Course Psychology #31,1896486,28443,462,0,1552,PT10M51S,27
CrashCourse,The Big Bang: Crash Course Big History #1,2676359,41271,1067,0,7464,PT14M25S,27
CrashCourse,Drought and Famine: Crash Course World History #208,1130682,15256,362,0,2257,PT10M30S,27
CrashCourse,OCD and Anxiety Disorders: Crash Course Psychology #29,4360485,80247,1050,0,7563,PT11M32S,27
CrashCourse,Psychological Disorders: Crash Course Psychology #28,2296314,30703,445,0,1510,PT10M10S,27
CrashCourse,"Climate Change, Chaos, and The Little Ice Age - Crash Course World History 206",2125995,23736,1014,0,2575,PT10M8S,27
CrashCourse,Let's Talk About Sex: Crash Course Psychology #27,4960849,48320,2596,0,4564,PT11M36S,27
CrashCourse,War & Human Nature: Crash Course World History 204,2329756,30337,997,0,3488,PT10M37S,27
CrashCourse,Brains vs. Bias: Crash Course Psychology #24,1050208,12819,194,0,944,PT11M4S,27
CrashCourse,Controversy of Intelligence: Crash Course Psychology #23,2142137,26357,631,0,2110,PT12M39S,27
CrashCourse,Money & Debt: Crash Course World History 202,2142281,26869,661,0,2631,PT14M4S,27
CrashCourse,Measuring Personality: Crash Course Psychology #22,2078278,25528,459,0,1495,PT11M8S,27
CrashCourse,"World History, Year 2 Preview",472930,14410,97,0,2442,PT2M36S,27
CrashCourse,Adolescence: Crash Course Psychology #20,1893557,22359,354,0,1049,PT10M15S,27
CrashCourse,Monkeys and Morality: Crash Course Psychology #19,1224162,15076,197,0,753,PT11M37S,27
CrashCourse,The Poetry of Sylvia Plath: Crash Course Literature 216,944508,21612,400,0,1461,PT11M18S,27
CrashCourse,Langston Hughes and the Harlem Renaissance: Crash Course Literature 215,838465,9853,227,0,627,PT11M32S,27
CrashCourse,The Bobo Beatdown: Crash Course Psychology #12,1965978,20738,302,0,722,PT9M35S,27
CrashCourse,How to Train a Brain: Crash Course Psychology #11,2718379,26952,566,0,1188,PT11M49S,27
CrashCourse,If One Finger Brought Oil - Things Fall Apart Part 1: Crash Course Literature 208,1049799,14434,229,0,1031,PT10M19S,27
CrashCourse,"Reader, it's Jane Eyre - Crash Course Literature 207",1106161,20839,300,0,1467,PT13M12S,27
CrashCourse,Altered States: Crash Course Psychology #10,1824556,21181,423,0,1463,PT11M19S,27
CrashCourse,Consciousness: Crash Course Psychology #8,2068735,24962,352,0,1625,PT9M34S,27
CrashCourse,Perceiving is Believing: Crash Course Psychology #7,2020897,23026,369,0,1193,PT10M,27
CrashCourse,Sensation and Perception: Crash Course Psychology #5,3089912,29295,483,0,1833,PT10M46S,27
CrashCourse,"A Long and Difficult Journey, or  The Odyssey: Crash Course Literature 201",2705369,35676,2465,0,3574,PT12M7S,27
CrashCourse,Intro to Psychology: Crash Course Psychology #1,9153046,131281,2144,0,7153,PT10M54S,27
CrashCourse,George HW Bush and the End of the Cold War: Crash Course US History #44,2347750,19287,746,0,1825,PT13M53S,27
CrashCourse,The Reagan Revolution: Crash Course US History #43,2441651,27590,3064,0,5955,PT14M20S,27
CrashCourse,Polymers: Crash Course Chemistry #45,1255778,11672,474,0,717,PT10M15S,27
CrashCourse,"Ford, Carter, and the Economic Malaise: Crash Course US History #42",1318289,11152,239,0,914,PT13M23S,27
CrashCourse,The 1960s in America: Crash Course US History #40,3246562,25588,2016,0,2721,PT15M15S,27
CrashCourse,Hydrocarbon Power!: Crash Course Chemistry #40,1621403,20350,401,0,1176,PT11M32S,27
CrashCourse,Civil Rights and the 1950s: Crash Course US History #39,2801778,22486,1093,0,1941,PT11M58S,27
CrashCourse,Nuclear Chemistry: Crash Course Chemistry #38,1447549,12994,697,0,1136,PT9M58S,27
CrashCourse,The Cold War: Crash Course US History #37,3415134,30740,1111,0,2607,PT13M34S,27
CrashCourse,The History of Atomic Chemistry: Crash Course Chemistry #37,1666332,15756,498,0,1113,PT9M42S,27
CrashCourse,World War II Part 2 - The Homefront: Crash Course US History #36,1944855,17524,465,0,1517,PT14M23S,27
CrashCourse,The Great Depression: Crash Course US History #33,4339196,39948,2520,0,5455,PT14M27S,27
CrashCourse,The Roaring 20's: Crash Course US History #32,3289384,29219,1046,0,3593,PT13M12S,27
CrashCourse,Kinetics: Chemistry's Demolition Derby - Crash Course Chemistry #32,688273,6670,100,0,536,PT9M57S,27
CrashCourse,America in World War I: Crash Course US History #30,3087279,24639,1069,0,3174,PT13M40S,27
CrashCourse,pH and pOH: Crash Course Chemistry #30,1457094,13013,418,0,1148,PT11M23S,27
CrashCourse,Gilded Age Politics:Crash Course US History #26,2337938,16663,486,0,1646,PT13M51S,27
CrashCourse,"Growth, Cities, and Immigration: Crash Course US History #25",2147534,16293,516,0,1803,PT12M45S,27
CrashCourse,Orbitals: Crash Course Chemistry #25,2182892,24571,891,0,1971,PT10M52S,27
CrashCourse,The Industrial Economy: Crash Course US History #23,2319244,17276,562,0,2561,PT12M32S,27
CrashCourse,Polar & Non-Polar Molecules: Crash Course Chemistry #23,2925488,26181,1385,0,1909,PT10M46S,27
CrashCourse,Reconstruction and 1876: Crash Course US History #22,3266420,26109,1042,0,2872,PT13M,27
CrashCourse,Atomic Hook-Ups - Types of Chemical Bonds: Crash Course Chemistry #22,2106151,20425,772,0,1543,PT9M46S,27
CrashCourse,The Civil War Part 2: Crash Course US History #21,2156151,18508,487,0,2712,PT10M54S,27
CrashCourse,Lab Techniques & Safety: Crash Course Chemistry #21,1302007,12818,214,0,1298,PT9M3S,27
CrashCourse,Entropy: Embrace the Chaos! Crash Course Chemistry #20,1374976,16818,396,0,1659,PT13M41S,27
CrashCourse,"The Civil War, Part I: Crash Course US History #20",3731700,30114,1864,0,5369,PT12M1S,27
CrashCourse,The Election of 1860 & the Road to Disunion: Crash Course US History #18,2439368,20784,927,0,3202,PT14M16S,27
CrashCourse,War & Expansion: Crash Course US History #17,2456226,18636,716,0,2657,PT12M47S,27
CrashCourse,"Passing Gases: Effusion, Diffusion, and the Velocity of a Gas - Crash Course Chemistry #16",478930,4863,72,0,531,PT11M26S,27
CrashCourse,Partial Pressures & Vapor Pressure: Crash Course Chemistry #15,857860,8026,203,0,777,PT11M55S,27
CrashCourse,Women in the 19th Century: Crash Course US History #16,1941982,18122,625,0,4268,PT13M11S,27
CrashCourse,Ideal Gas Problems: Crash Course Chemistry #13,823091,8740,120,0,984,PT11M45S,27
CrashCourse,Age of Jackson: Crash Course US History #14,2989828,22725,1447,0,3511,PT15M5S,27
CrashCourse,The Ideal Gas Law: Crash Course Chemistry #12,1865956,18522,454,0,1462,PT9M3S,27
CrashCourse,Slavery - Crash Course US History #13,3564138,37374,1900,0,9505,PT14M25S,27
CrashCourse,The Market Revolution: Crash Course US History #12,2222961,16358,570,0,1973,PT14M11S,27
CrashCourse,Redox Reactions: Crash Course Chemistry #10,2395433,22809,816,0,2350,PT11M13S,27
CrashCourse,The War of 1812 - Crash Course US History #11,4274591,35893,2308,0,10556,PT12M43S,27
CrashCourse,Thomas Jefferson & His Democracy: Crash Course US History #10,2698849,21880,959,0,3992,PT13M19S,27
CrashCourse,Acid-Base Reactions in Solution: Crash Course Chemistry #8,2436506,20618,611,0,2285,PT11M17S,27
CrashCourse,Where US Politics Came From: Crash Course US History #9,2839561,20887,807,0,4029,PT13M57S,27
CrashCourse,"The Constitution, the Articles, and Federalism: Crash Course US History #8",5195934,40333,2592,0,6837,PT13M4S,27
CrashCourse,The Electron: Crash Course Chemistry #5,2684666,29094,891,0,3607,PT12M48S,27
CrashCourse,Taxes & Smuggling - Prelude to Revolution: Crash Course US History #6,3255185,23315,709,0,3977,PT12M19S,27
CrashCourse,TheCrashCourse,The Hydrologic and Carbon Cycles: Always Recycle! - Crash Course EcologCrashCourse,Unit Conversion & Significant Figures: Crash Course Chemistry #2,2988385,40128,691,0,5097,PT11M24S,27
CrashCourse,The Natives and the English - Crash Course US History #3,3281686,25777,731,0,3034,PT11M27S,27
CrashCourse,The Nucleus: Crash Course Chemistry #1,5457978,57574,879,0,6185,PT10M12S,27
CrashCourse,When is Thanksgiving? Colonizing America: Crash Course US History #2,3942777,29739,994,0,3878,PT12M26S,27
CrashCourse,Crash Course Chemistry Preview!,384792,6881,72,0,1732,PT1M51S,27
CrashCourse,"The Black Legend, Native Americans, and Spaniards: Crash Course US History #1",7791687,54974,2778,0,9777,PT11M20S,27
CrashCourse,Before I Got My Eye Put Out - The Poetry of Emily Dickinson: Crash Course English Lit #8,1145432,17248,247,0,2975,PT10M11S,27
CrashCourse,5 Human Impacts on the Environment: Crash Course Ecology #10,1476706,11698,673,0,1656,PT10M38S,27
CrashCourse,The Hydrologic and Carbon Cycles: Always Recycle! - Crash Course Ecology #8,955402,8174,295,0,960,PT10M4S,27
CrashCourse,Ecosystem Ecology: Links in the Chain - Crash Course Ecology #7,938104,7242,306,0,759,PT10M10S,27
CrashCourse,Like Pale Gold - The Great Gatsby Part 1: Crash Course English Literature #4,2667086,40449,566,0,3306,PT11M43S,27
CrashCourse,Ecological Succession: Change is Good - Crash Course Ecology #6,733302,6495,227,0,665,PT10M2S,27
CrashCourse,Of Pentameter & Bear Baiting - Romeo & Juliet Part 1: Crash Course English Literature #2,1679640,23908,322,0,3866,PT12M42S,27
CrashCourse,Human Population Growth - Crash Course Ecology #3,979896,10420,277,0,2140,PT10M54S,27
CrashCourse,How and Why We Read: Crash Course English Literature #1,3606911,46483,950,0,6345,PT7M,27
CrashCourse,Population Ecology: The Texas Mosquito Mystery - Crash Course Ecology #2,981859,8997,243,0,984,PT11M53S,27
CrashCourse,Globalization I - The Upside: Crash Course World History #41,3158213,38681,897,0,4419,PT11M51S,27
CrashCourse,Ecology - Rules for Living on Earth: Crash Course Biology #40,1159989,11704,314,0,1224,PT10M26S,27
CrashCourse,Fungi: Death Becomes Them - CrashCourse Biology #39,1149131,14604,396,0,1106,PT11M52S,27
CrashCourse,USA vs USSR Fight! The Cold War: Crash Course World History #39,6306595,70005,3740,0,10931,PT12M16S,27
CrashCourse,The Plants & The Bees: Plant Reproduction - CrashCourse Biology #38,770513,6616,174,0,722,PT10M24S,27
CrashCourse,Vascular Plants = Winning! - Crash Course Biology #37,1125469,11525,224,0,849,PT11M54S,27
CrashCourse,"Communists, Nationalists, and China's Revolutions: Crash Course World History #37",3627943,42576,1700,0,6467,PT12M11S,27
CrashCourse,"Archdukes, Cynicism, and World War I: Crash Course World History #36",4891922,52923,1418,0,6992,PT11M45S,27
CrashCourse,"Old & Odd: Archaea, Bacteria & Protists - CrashCourse Biology #35",1363713,13010,332,0,1176,PT12M17S,27
CrashCourse,Imperialism: Crash Course World History #35,4528684,37104,1463,0,5882,PT13M46S,27
CrashCourse,Your Immune System: Natural Born Killer - Crash Course Biology #32,1980583,20362,393,0,2300,PT15M2S,27
CrashCourse,"Coal, Steam, and The Industrial Revolution: Crash Course World History #32",4873867,43098,1545,0,5026,PT11M5S,27
CrashCourse,Latin American Revolutions: Crash Course World History #31,3294228,32260,1483,0,5167,PT13M43S,27
CrashCourse,Haitian Revolutions: Crash Course World History #30,2699551,33581,1124,0,6150,PT12M35S,27
CrashCourse,The Excretory System: From Your Heart to the Toilet -  CrashCourse Biology #29,1378133,13337,310,0,1160,PT12M21S,27
CrashCourse,The French Revolution: Crash Course World History #29,7257905,73703,3013,0,9429,PT11M54S,27
CrashCourse,The Digestive System: CrashCourse Biology #28,2025731,17254,584,0,1767,PT11M53S,27
CrashCourse,"Tea, Taxes, and The American Revolution: Crash Course World History #28",4069448,36802,1779,0,6037,PT11M27S,27
CrashCourse,The Seven Years War: Crash Course World History #26,3320690,30655,1267,0,4639,PT12M20S,27
CrashCourse,Animal Behavior - CrashCourse Biology #25,609556,6799,121,0,655,PT10M54S,27
CrashCourse,"The Spanish Empire, Silver, & Runaway Inflation: Crash Course World History #25",3458844,32442,1881,0,5396,PT10M46S,22
CrashCourse,Chordates - CrashCourse Biology #24,674702,7787,115,0,880,PT12M9S,27
CrashCourse,Complex Animals: Annelids & Arthropods - CrashCourse Biology #23,566043,6087,102,0,942,PT13M15S,27
CrashCourse,The Columbian Exchange: Crash Course World History #23,3438465,31875,773,0,4391,PT12M9S,27
CrashCourse,The Renaissance: Was it a Thing? - Crash Course World History #22,5005537,47878,2425,0,6409,PT11M33S,27
CrashCourse,"Columbus, de Gama, and Zheng He! 15th Century Mariners. Crash Course: World History #21",3165300,27420,925,0,5763,PT10M38S,27
CrashCourse,Evolution: It's a Thing - Crash Course Biology #20,1890291,25587,1719,0,19540,PT11M44S,27
CrashCourse,"Russia, the Kievan Rus, and the Mongols: Crash Course World History #20",4380021,45571,2303,0,8425,PT10M47S,27
CrashCourse,Taxonomy: Life's Filing System - Crash Course Biology #19,2051616,18011,800,0,2565,PT12M16S,27
CrashCourse,"Int'l Commerce, Snorkeling Camels, and The Indian Ocean Trade: Crash Course World History #18",2561408,24901,412,0,2901,PT10M15S,27
CrashCourse,Wait For It...The Mongols!: Crash Course World History #17,6480651,77686,2141,0,12693,PT11M31S,27
CrashCourse,Mansa Musa and Islam in Africa: Crash Course World History #16,3656112,40060,1216,0,7389,PT10M31S,27
CrashCourse,The Crusades - Pilgrimage or Holy War?: Crash Course World History #15,5719778,60028,4671,0,11287,PT11M33S,27
CrashCourse,"The Dark Ages...How Dark Were They, Really?: Crash Course World History #14",6549540,74065,4052,0,19663,PT12M8S,27
CrashCourse,Meiosis: Where the Sex Starts - Crash Course Biology #13,4053939,34897,870,0,3287,PT11M43S,27
CrashCourse,"Islam, the Quran, and the Five Pillars All Without a Flamewar: Crash Course World History #13",8873964,135603,12089,0,48536,PT12M53S,27
CrashCourse,"DNA, Hot Pockets, & The Longest Word Ever: Crash Course Biology #11",4264431,35093,897,0,3699,PT14M8S,27
CrashCourse,Christianity from Judaism to Constantine: Crash Course World History #11,7015456,71299,7638,0,26520,PT11M37S,27
CrashCourse,DNA Structure and Replication: Crash Course Biology #10,7165238,63081,1685,0,4696,PT12M59S,27
CrashCourse,The Roman Empire. Or Republic. Or...Which Was It?: Crash Course World History #10,6016483,54911,2004,0,6199,PT12M26S,27
CrashCourse,Heredity: Crash Course Biology #9,3561107,32553,731,0,2823,PT10M18S,27
CrashCourse,The Silk Road and Ancient Trade: Crash Course World History #9,4175541,43322,948,0,4683,PT10M31S,27
CrashCourse,Photosynthesis: Crash Course Biology #8,5890891,50270,2383,0,6542,PT13M15S,27
CrashCourse,ATP & Respiration: Crash Course Biology #7,7787502,69078,1865,0,6766,PT13M26S,27
UCRyRMkYk4HzNPeSnsLHm-oQ,YZCiE4RdBT4,Kelvin Academy,10th DAY IN SELF-ISOLATION. WHAT I DO IN MY BEDROOM.,96,12,0,0,8,27
UCRyRMkYk4HzNPeSnsLHm-oQ,OHQGEBLizaY,Kelvin Academy,TRICKY INVERSE OF A FUNCTION PROBLEM SOLVED - 4 OF 4,10,3,0,0,1,27
UCRyRMkYk4HzNPeSnsLHm-oQ,iQuea9Yep8Q,Kelvin Academy,TRICKY INVERSE OF A FUNCTION PROBLEM SOLVED - 3 OF 4,5,1,0,0,0,27
UCRyRMkYk4HzNPeSnsLHm-oQ,ExTI0_aZ-AE,Kelvin Academy,TRICKY INVERSE OF A FUNCTION PROBLEM SOLVED - 2 OF 4,5,2,0,0,0,27
UCRyRMkYk4HzNPeSnsLHm-oQ,pkgXUzuIi5E,Kelvin Academy,TRICKY INVERSE OF A FUNCTION PROBLEM SOLVED - 1 OF 4,6,3,0,0,0,27
UCRyRMkYk4HzNPeSnsLHm-oQ,h8oB67_ludk,Kelvin Academy,HOW EXPONENTIAL AND NATURAL LOG PLAY OUT IN MATHEMATICS (Recommended),11,2,0,0,3,27
UCRyRMkYk4HzNPeSnsLHm-oQ,WGu7pZJjouw,Kelvin Academy,HOW TO SOLVE BASIC INVERSE OF A FUNCTION - 4 OF 4,2,0,0,0,0,27
UCRyRMkYk4HzNPeSnsLHm-oQ,54u7_TBjXGU,Kelvin Academy,HOW TO SOLVE BASIC INVERSE OF A FUNCTION - 3 OF 4,2,0,0,0,0,27
UCRyRMkYk4HzNPeSnsLHm-oQ,gXhBNnJca_U,Kelvin Academy,HOW TO SOLVE BASIC INVERSE OF A FUNCTION - 2 OF 4,3,0,0,0,0,27
UCRyRMkYk4HzNPeSnsLHm-oQ,7H7E7e5lqPM,Kelvin Academy,HOW TO SOLVE BASIC INVERSE OF A FUNCTION - 1 OF 4,1,0,0,0,0,27
UCRyRMkYk4HzNPeSnsLHm-oQ,8PHPGNpioSM,Kelvin Academy,WHAT IS INVERSE OF A FUNCTION WITH EXAMPLE - STEP BY STEP SOLUTION,5,1,0,0,2,27
UCRyRMkYk4HzNPeSnsLHm-oQ,dLRNsE_mFsw,Kelvin Academy,TYPES OF DISCONTINUITY OF A FUNCTION EXPLAINED WITH EXAMPLES,24,6,1,0,4,27
UCRyRMkYk4HzNPeSnsLHm-oQ,lv-mQXDoL48,Kelvin Academy,HOW TO SOLVE DISCONTINUITY OF A RATIONAL QUADRATIC FUNCTION,7,1,0,0,0,27
UCRyRMkYk4HzNPeSnsLHm-oQ,Lin2zQJEWrI,Kelvin Academy,HOW TO SOLVE THE DISCONTINUITY OF A CUBIC FUNCTION,9,2,0,0,2,27
UCRyRMkYk4HzNPeSnsLHm-oQ,g6jT0QGu6lc,Kelvin Academy,HOW TO SOLVE THE DISCONTINUITY OF A RATIONAL CUBIC FUNCTION,5,2,0,0,2,27
UCRyRMkYk4HzNPeSnsLHm-oQ,4Z2QY2wXUbM,Kelvin Academy,TRICKY CONTINUITY OF A FUNCTION PROBLEM APPLYING DIFFERENCE OF TWO SQUARES,18,4,0,0,2,27
UCRyRMkYk4HzNPeSnsLHm-oQ,8BgonUxQXCE,Kelvin Academy,HOW TO FIND DISCONTINUITY OF A FUNCTION WITH LOG(x),12,3,0,0,3,27
UCRyRMkYk4HzNPeSnsLHm-oQ,DdDpzSVZb7k,Kelvin Academy,CONTINUITY OF A FUNCTION WITH DIFFERENCE OF TWO SQUARES,8,4,0,0,3,27
UCRyRMkYk4HzNPeSnsLHm-oQ,AlQxbTPJJxk,Kelvin Academy,TWO METHODS OF FINDING THE CONTINUITY OF A FUNCTION,9,4,0,0,2,27
UCRyRMkYk4HzNPeSnsLHm-oQ,9t5k77cmHVM,Kelvin Academy,HOW TO FIND THE CONTINUITY OF A FUNCTION WITH DENOMINATOR SQUARE ROOT,6,1,0,0,0,27
UCRyRMkYk4HzNPeSnsLHm-oQ,z5Vn3mTjxio,Kelvin Academy,HOW TO FIND THE CONTINUITY OF A FUNCTION IN PRECALCULUS,22,1,0,0,3,27
UCRyRMkYk4HzNPeSnsLHm-oQ,Rk_TJ3AvuLY,Kelvin Academy,HOW TO FIND THE RANGE OF A COMPOSITE FUNCTION,1466,6,1,0,5,27
UCRyRMkYk4HzNPeSnsLHm-oQ,jBcsQPypXMc,Kelvin Academy,HOW TO FIND THE DOMAIN OF A FUNCTION WITH SQUARE ROOT LESS THAN ONE,38,6,0,0,6,27
UCRyRMkYk4HzNPeSnsLHm-oQ,EEtrGddlmdU,Kelvin Academy,HOW TO FIND THE DOMAIN OF AN EXPONENTIAL FUNCTION,35,6,0,0,1,27
UCRyRMkYk4HzNPeSnsLHm-oQ,hpZDHttWB34,Kelvin Academy,HOW TO FIND DOMAIN WITH MODULUS FUNCTION AT THE DENOMINATOR,25,6,0,0,1,27
UCRyRMkYk4HzNPeSnsLHm-oQ,Qqr1W4bzC-M,Kelvin Academy,HOW TO FIND DOMAIN OF A QUADRATIC FUNCTION AT THE DENOMINATOR,33,6,0,0,2,27
UCRyRMkYk4HzNPeSnsLHm-oQ,N18C-QUDB0M,Kelvin Academy,DOMAIN OF RATIONAL EXPRESSION INSIDE A SQUARE ROOT FUNCTION,35,6,0,0,1,27
UCRyRMkYk4HzNPeSnsLHm-oQ,N7sZUxrA9jQ,Kelvin Academy,HOW TO FIND THE DOMAIN OF A RATIONAL CUBIC FUNCTION,12,2,0,0,1,27
UCRyRMkYk4HzNPeSnsLHm-oQ,0-F_RXWYFZ8,Kelvin Academy,HOW TO FIND THE DOMAIN AND RANGE OF THE FUNCTION SQUARE ROOT OF (x + 2),46,6,0,0,0,27
UCRyRMkYk4HzNPeSnsLHm-oQ,ydN9KiDt1XI,Kelvin Academy,HOW TO FIND THE DOMAIN and RANGE OF A FUNCTION,34,5,0,0,1,27
UCRyRMkYk4HzNPeSnsLHm-oQ,jfvXNGcOplQ,Kelvin Academy,HOW TO FIND DOMAIN OF DIFFERENT FUNCTIONS WITH SAME ANSWER,31,6,0,0,2,27
UCRyRMkYk4HzNPeSnsLHm-oQ,SFuBoNNUCeo,Kelvin Academy,HOW TO FIND DOMAIN OF A CUBIC FUNCTION IN PRECALCULUS,58,6,0,0,1,27
UCRyRMkYk4HzNPeSnsLHm-oQ,kjLvNMZ3YFU,Kelvin Academy,HOW TO FIND THE DOMAIN OF f(x) = 1 DIVIDED BY SQUARE ROOT OF x,37,5,0,0,2,27
UCRyRMkYk4HzNPeSnsLHm-oQ,r6Kz4UR7_H0,Kelvin Academy,HOW TO FIND THE DOMAIN OF THE FUNCTION  f(x) = 1 DIVIDED BY x,31,5,0,0,2,27
UCRyRMkYk4HzNPeSnsLHm-oQ,g-hR5RroPWo,Kelvin Academy,HOW TO FIND THE DOMAIN OF f(x) = x divides (x2 - x - 6),41,5,0,0,1,27
UCRyRMkYk4HzNPeSnsLHm-oQ,psUimb-Ixr8,Kelvin Academy,FIND THE DOMAIN and RANGE OF THE FUNCTION f(x) = 2x - 5 and f(x) = 4x,54,5,1,0,2,27
UCRyRMkYk4HzNPeSnsLHm-oQ,-7o2U0FfI9o,Kelvin Academy,What are Real Numbers. Notations Used in Domain and Range Functions.,39,7,0,0,2,27
UCRyRMkYk4HzNPeSnsLHm-oQ,_fLO6sEBmao,Kelvin Academy,"What is Domain and Range Functions, and Why study them: Pre-Calculus",34,5,0,0,1,27
UCRyRMkYk4HzNPeSnsLHm-oQ,mp34HingOoE,Kelvin Academy,"Difference Between Expression, Equation, Inequality and Function – Explained",33,4,0,0,2,27
UCRyRMkYk4HzNPeSnsLHm-oQ,9cZoIIbrRfs,Kelvin Academy,Prove that  sinA tanA DIVIDES (1 - cosA) = secA + 1,32,2,0,0,2,27
UCRyRMkYk4HzNPeSnsLHm-oQ,7N8jWjfdlf4,Kelvin Academy,Prove of Trigonometric Identity (Advanced),25,3,0,0,1,27
UCRyRMkYk4HzNPeSnsLHm-oQ,LiVhDqaAe8Y,Kelvin Academy,Prove of Trigonometric Function,22,3,0,0,1,27
UCRyRMkYk4HzNPeSnsLHm-oQ,_yg4n3NnjnQ,Kelvin Academy,SHOW that (cosecx-cotx) divide (1-cosx) = cosecx : Exam Solution,29,5,0,0,1,27
UCRyRMkYk4HzNPeSnsLHm-oQ,Y-B_6LRemOE,Kelvin Academy,Prove that cosecx - sinx = cotx cosx : Exam Solution,25,4,0,0,2,27
UCRyRMkYk4HzNPeSnsLHm-oQ,D9UY5C1z1E0,Kelvin Academy,Prove that  TanA + CotA = secAcosecA,47,12,0,0,3,27
UCRyRMkYk4HzNPeSnsLHm-oQ,Q4AwRLw3pUc,Kelvin Academy,Prove secA + tanA - Exam Solution,347,231,1,0,5,27
UCRyRMkYk4HzNPeSnsLHm-oQ,wjzlAig0Egc,Kelvin Academy,Pareto Principles Summary Lecture & How to Plot the Graph,25,4,0,0,3,27
UCRyRMkYk4HzNPeSnsLHm-oQ,vIcHA48TImg,Kelvin Academy,How to Find Quartiles (Q1 Q2 Q3) for Grouped Data Using Ogive,130,5,0,0,2,27
UCRyRMkYk4HzNPeSnsLHm-oQ,ThrU5AlLmRc,Kelvin Academy,How To Calculate Quartiles For Grouped Data Using Formula Method,1314,12,0,0,4,27
UCRyRMkYk4HzNPeSnsLHm-oQ,Hz4lWgF40sc,Kelvin Academy,Variance and Standard Deviation For Grouped Data Step by Step,63,3,0,0,1,27
UCRyRMkYk4HzNPeSnsLHm-oQ,aQvOLYpba3I,Kelvin Academy,"How to Calculate Mean, Median and Mode For Grouped Data - Step by Step",67,5,0,0,1,27
UCRyRMkYk4HzNPeSnsLHm-oQ,-JxAeFwgQh4,Kelvin Academy,How to Calculate Quartiles For Ungrouped Data,1632,14,1,0,2,27
UCRyRMkYk4HzNPeSnsLHm-oQ,qIotnRGE1rc,Kelvin Academy,How to Calculate Variance and Standard Deviation of Ungrouped Data,188,6,0,0,1,27
UCRyRMkYk4HzNPeSnsLHm-oQ,WpcocBR6Pr4,Kelvin Academy,How to Calculate for Mean Deviation of an Ungrouped Data with Interpretations,326,6,0,0,1,27
UCRyRMkYk4HzNPeSnsLHm-oQ,PxtWO2VHpZI,Kelvin Academy,"Two Methods of Calculating Mean, Median and Mode of Ungrouped Data",60,3,0,0,1,27
UCRyRMkYk4HzNPeSnsLHm-oQ,COSv-GJPsdg,Kelvin Academy,Difference Between Ungrouped Data and Grouped Data,234,4,0,0,1,27
UCRyRMkYk4HzNPeSnsLHm-oQ,FpItCW45HQs,Kelvin Academy,Terms Used in Statistics,42,5,0,0,1,27
UCRyRMkYk4HzNPeSnsLHm-oQ,S9q9stRtSJQ,Kelvin Academy,What is Statistics ? Why Study Statistics ?,76,9,0,0,3,27
UCRyRMkYk4HzNPeSnsLHm-oQ,oWJpZ9PIgzI,Kelvin Academy,How to Solve Quadratic Equation Using Completing the Square Method,26,3,0,0,2,27
UCRyRMkYk4HzNPeSnsLHm-oQ,j5deSV7deSs,Kelvin Academy,The Mystery of Zero (Nought) in Mathematics,2202,45,0,0,5,27
UCRyRMkYk4HzNPeSnsLHm-oQ,8iDj6FOPJSE,Kelvin Academy,Basic Calculus of Integration for Beginners,145,5,1,0,3,27
UCRyRMkYk4HzNPeSnsLHm-oQ,BWiqAUak6xg,Kelvin Academy,Basic Calculus of Derivatives for Beginners,1374,13,2,0,1,27
UCRyRMkYk4HzNPeSnsLHm-oQ,UQGTfKFkhB4,Kelvin Academy,"How to Measure and Record Land Surveying Data (HOC) - BS, IS, FS and Station Part 2",36,3,0,0,2,27
UCRyRMkYk4HzNPeSnsLHm-oQ,8p9oumzcldc,Kelvin Academy,Basic Concepts of Land Surveying in Construction Part 1,65,5,0,0,2,27
UCRyRMkYk4HzNPeSnsLHm-oQ,37H8PbRLXcs,Kelvin Academy,How to Identify Topographic Features in Construction and Civil Engineering Part 7a,25,3,0,0,1,27
UCRyRMkYk4HzNPeSnsLHm-oQ,255CiMa1L-c,Kelvin Academy,How to Construct Topographic Profile From Maps Part 7b,37,2,0,0,1,27
UCRyRMkYk4HzNPeSnsLHm-oQ,ADaX9K-wm5Q,Kelvin Academy,How to Construct Isoline Profiles From a GPS Receiver Part 8,34,4,0,0,1,27
UCRyRMkYk4HzNPeSnsLHm-oQ,aaFBVA8h-90,Kelvin Academy,"How to Convert Degrees, Minutes and Seconds (DMS) to Decimal Degrees Part 4",30,2,0,0,1,27
UCRyRMkYk4HzNPeSnsLHm-oQ,F05la2OW_2w,Kelvin Academy,Solving DMS Complementary and Supplementary Angles Part 6,28,3,0,0,1,27
UCRyRMkYk4HzNPeSnsLHm-oQ,mM3ivxFvh8Q,Kelvin Academy,"How to Convert Decimal Degrees to Degrees, Minutes and Seconds (DMS) Part 3",33,3,0,0,1,27
UCRyRMkYk4HzNPeSnsLHm-oQ,NZv9a8eEnSI,Kelvin Academy,How to Read and Represent Latitude and Longitude Part 2,32,3,0,0,1,27
UCRyRMkYk4HzNPeSnsLHm-oQ,OUFn_g5mpI4,Kelvin Academy,Understanding Site Location in Construction Part 1,49,3,0,0,1,27
UCRyRMkYk4HzNPeSnsLHm-oQ,Cg-4JMTnnQ0,Kelvin Academy,Calculus | Solved Derivatives Using The 1st Principles Part 2,132,2,0,0,0,27
UCRyRMkYk4HzNPeSnsLHm-oQ,sAegaMseCyc,Kelvin Academy,Jim Rohn - 4 Steps to Good Communication,51,3,0,0,0,27
UCRyRMkYk4HzNPeSnsLHm-oQ,Og_RKm7hRd4,Kelvin Academy,Jim Rohn - The Power of Ambition is Discipline,109,1,0,0,0,27
UCRyRMkYk4HzNPeSnsLHm-oQ,SeYVKw09tBk,Kelvin Academy,Jim Rohn - The Mindset and Attitude of Thinking Wealthy,18,1,0,0,0,27
UCRyRMkYk4HzNPeSnsLHm-oQ,CXsTLRHxiXw,Kelvin Academy,Introduction to Pythagoras Theorem Part 1,63,2,0,0,0,27
UCRyRMkYk4HzNPeSnsLHm-oQ,uQ5udlmmXIw,Kelvin Academy,Steps Solving Negative and Fractional Power in Binomial Theorem Part 11,196,2,0,0,0,27
