channelTitle,videoId,channelId,title,viewCount,likeCount,dislikeCount,commentCount,time,commentScore
nptelhrd,lcpHTBWmJ6U,UC640y4UvDAlya_WOj5U4pfA,NPTEL - Most Extensive & Most Viewed Education Channel in the World,96736,716,31,53,319,0.28046
nptelhrd,HpIEeBtJupY,UC640y4UvDAlya_WOj5U4pfA,mod01lec1-Introduction to metrology,82777,405,26,14,2620,0.24382
nptelhrd,bfvUtSumLcE,UC640y4UvDAlya_WOj5U4pfA,NPTEL Introduction,266663,465,38,53,625,0.46498
nptelhrd,md5UCR7mcIY,UC640y4UvDAlya_WOj5U4pfA,Mod-01 Lec-1 Introduction,401647,3135,88,149,3165,0.0843
nptelhrd,Z9nfbVh5Wzk,UC640y4UvDAlya_WOj5U4pfA,Mod-01 Lec-01 Thermodynamics  and the Chemical Industry,75797,241,12,13,2290,-0.14178
nptelhrd,dzsPmCLpqI4,UC640y4UvDAlya_WOj5U4pfA,Mod-01 Lec-37 Boundary Layer Theory,152974,902,43,60,3554,0.2697
nptelhrd,DFMf9oPbuRI,UC640y4UvDAlya_WOj5U4pfA,Mod-01 Lec-01,123887,381,19,51,2530,0.19042
nptelhrd,3bhoVSI6VoI,UC640y4UvDAlya_WOj5U4pfA,Mod-01 Lec-24 Axial Flow Compressor Part I,78349,482,21,25,3365,0.2574
nptelhrd,PJPzvPqf9YI,UC640y4UvDAlya_WOj5U4pfA,Mod-01 Lec-16 Matching of Pump and System Characteristics,76284,483,25,8,1859,0.45148
nptelhrd,OQV8WmUdeIo,UC640y4UvDAlya_WOj5U4pfA,Simple Linear Regression(Part A),73639,307,8,21,3321,0.36844
nptelhrd,LbHZeEL98nQ,UC640y4UvDAlya_WOj5U4pfA,"Mod-01 Lec-01 Introduction ,Extended Real numbers",65710,341,10,37,3349,0.1327
nptelhrd,_FTYrQtrDps,UC640y4UvDAlya_WOj5U4pfA,Mod-01 Lec-01 INTRODUCTION,86981,403,4,37,2095,0.41484
nptelhrd,1LubzKrjr68,UC640y4UvDAlya_WOj5U4pfA,Mod-01 Lec-02 Linear Equations,102490,538,23,26,2110,0.3141
nptelhrd,LJ-LoJhbBA4,UC640y4UvDAlya_WOj5U4pfA,Mod-01 Lec-01 Introduction to the Course Contents.,272456,1147,31,76,1607,0.1539
nptelhrd,zvRdbPMEMUI,UC640y4UvDAlya_WOj5U4pfA,Mod-04 Lec-14 Linear Transformations,71570,515,27,22,3010,0.60996
nptelhrd,VcLWubfmJcM,UC640y4UvDAlya_WOj5U4pfA,Mod-01 Lec-03 Dochira kara desu ka ( Where are you from?),71165,557,28,46,3332,0.17356
nptelhrd,AECBgmkWvo0,UC640y4UvDAlya_WOj5U4pfA,Mod-01 Lec-01 Introduction,96202,452,6,25,2369,0.49036
nptelhrd,RxbJo2kDRxE,UC640y4UvDAlya_WOj5U4pfA,Mod-01 Lec-03 Magnetic Circuit,97155,597,15,9,2958,0.36896
nptelhrd,vLPpF0hunwc,UC640y4UvDAlya_WOj5U4pfA,Mod-01 Lec-01 Introduction to Managerial Economics,92822,377,31,21,2723,0.20674
nptelhrd,mfePdDh9t6Q,UC640y4UvDAlya_WOj5U4pfA,Mod-01 Lec-01 Principles of Pattern Recognition I (Introduction and Uses),90011,333,6,42,2799,0.27172
nptelhrd,ebO38bbq0_4,UC640y4UvDAlya_WOj5U4pfA,Mod-01 Lec-01 Introduction to Nanotechnology,76598,400,7,18,2820,0.10124
nptelhrd,NBcGLLU90fM,UC640y4UvDAlya_WOj5U4pfA,Mod-01 Lec-01 General Introduction,88359,400,14,23,3599,0.00466
nptelhrd,mUWCnANvJdE,UC640y4UvDAlya_WOj5U4pfA,Mod-01 Lec-23 Design of Retaining Wall,314818,1871,102,39,3487,0.04246
nptelhrd,2T9s5i21yCs,UC640y4UvDAlya_WOj5U4pfA,Mod-01 Lec-21 Well Foundation,82779,602,45,30,3348,-0.23778
nptelhrd,qxNTQozl5fE,UC640y4UvDAlya_WOj5U4pfA,Mod-01 Lec-03 Vehicle Load Distribution Â? Acceleration and Braking,69279,293,10,38,2865,-0.21546
nptelhrd,539Bk9fFOyo,UC640y4UvDAlya_WOj5U4pfA,Mod-01 Lec-02 Introduction to finite automaton.,69534,309,10,27,4205,0.20586
nptelhrd,q01b-lV6y5Q,UC640y4UvDAlya_WOj5U4pfA,Mod-01 Lec-02 Analytic functions of a complex variable (Part II),79026,463,11,47,2528,0.08234
nptelhrd,b5VUnapu-qs,UC640y4UvDAlya_WOj5U4pfA,Mod-01 Lec-01 Analytic functions of a complex variable (Part I),328397,2233,71,100,2221,0.48568
nptelhrd,o77UV7YrWvw,UC640y4UvDAlya_WOj5U4pfA,Mod-02 Lec-03 Calculus of residues (Part I),78464,469,16,42,2422,0.42244
nptelhrd,SRVswRH5Q7E,UC640y4UvDAlya_WOj5U4pfA,Mod-01 Lec-29 Support Vector Machine,65672,470,13,59,3310,0.33154
nptelhrd,eNQTnPXNIFA,UC640y4UvDAlya_WOj5U4pfA,Mod-01 Lec-01 Introduction to multivariate statistical modeling,76001,268,12,20,3774,0.29524
nptelhrd,hkCT-6KJAK0,UC640y4UvDAlya_WOj5U4pfA,Mod-01 Lec-30  Principal Component Analysis (PCA),72185,369,19,40,3797,0.14134
nptelhrd,52nI2IPyOu8,UC640y4UvDAlya_WOj5U4pfA,State Space Search - Introduction,67172,277,15,19,3243,0.0251
nptelhrd,hwYzBBkkhyU,UC640y4UvDAlya_WOj5U4pfA,Mod-01 Lec-13 Miller Indices,133273,687,50,26,3419,0.65358
nptelhrd,TbLJqifPXKM,UC640y4UvDAlya_WOj5U4pfA,"Mod-01 Lec-04 Crystal structure, Reciprocal lattice I",89789,529,29,28,3531,0.3174
nptelhrd,6LoWEs8z1A4,UC640y4UvDAlya_WOj5U4pfA,Mod-01 Lec-02 Nuclear Size,88447,649,10,46,3529,0.05394
nptelhrd,josqjcH79PE,UC640y4UvDAlya_WOj5U4pfA,Mod-01 Lec-01 -Brief Overview of the course,227873,1634,28,100,3214,0.34776
nptelhrd,3bwcXPmF2VA,UC640y4UvDAlya_WOj5U4pfA,Mod-01 Lec-17 Shell model,80161,520,25,28,3216,0.21692
nptelhrd,cx5gPKp9QEc,UC640y4UvDAlya_WOj5U4pfA,Cement: Production and Composition,173723,831,33,29,3607,0.30426
nptelhrd,m2B8t8vzeUE,UC640y4UvDAlya_WOj5U4pfA,Introduction to Welding Engineering,84665,362,22,10,5264,0.32264
nptelhrd,Xt1zAWbccIQ,UC640y4UvDAlya_WOj5U4pfA,Mod-01 Lec-03 Vectors and Tensors,78972,517,20,27,1,0.0517
nptelhrd,6ju8mig4VoU,UC640y4UvDAlya_WOj5U4pfA,Mod-01 Lec-01 Introduction and course overview,81473,297,13,6,2576,0.38378
nptelhrd,5OxdXq91TV0,UC640y4UvDAlya_WOj5U4pfA,"Mod-01 Lec-01 Introduction, Basic definition of corrosion",152576,556,41,32,3419,0.20418
nptelhrd,UlRNHEMSGQE,UC640y4UvDAlya_WOj5U4pfA,Mod-01 Lec-01 Lecture 1,95227,687,16,45,5577,0.28722
nptelhrd,OxIQhyAn9JE,UC640y4UvDAlya_WOj5U4pfA,Mod-01 Lec-02 DC -- DC converters,149669,715,43,34,3246,0.29008
nptelhrd,_gJPYgQQ01c,UC640y4UvDAlya_WOj5U4pfA,Mod-01 Lec-01 Electronic switches,93525,402,7,39,3476,0.44898
nptelhrd,Dg5AIy0bY1A,UC640y4UvDAlya_WOj5U4pfA,Mod-01 Lec-03 DC -- AC converters,117565,531,41,23,3477,0.4368
nptelhrd,KR74TQesUoQ,UC640y4UvDAlya_WOj5U4pfA,Mod-01 Lec-01 Introduction to Finite Element Method,289597,1303,30,71,2945,0.1934
nptelhrd,_-5W9RvrjvA,UC640y4UvDAlya_WOj5U4pfA,Mod-01 Lec-04 Introduction to Finite Element Method,91587,369,5,35,2985,0.1457
nptelhrd,9Sf278j1GTU,UC640y4UvDAlya_WOj5U4pfA,Mod-01 Lec-01 Introduction,95505,235,11,16,3229,0.19928
nptelhrd,5vaYfd0fekI,UC640y4UvDAlya_WOj5U4pfA,Mod-01 Lec-23 Iron-Carbon Phase Diagram,491392,2934,153,94,3333,0.2446
nptelhrd,44NXK9_h3wE,UC640y4UvDAlya_WOj5U4pfA,Mod-01 Lec-37 Proofs in Indian Mathematics - Part 2,67275,618,23,51,2867,0.11318
nptelhrd,Yf_4Qv-A55Q,UC640y4UvDAlya_WOj5U4pfA,Mod-01 Lec-01 Wave Paticle Duality,120646,802,20,37,2827,0.39084
nptelhrd,zVi5hx37yvw,UC640y4UvDAlya_WOj5U4pfA,Mod-01 Lec-01 What is sociology?,197334,1914,36,107,3272,0.31608
nptelhrd,Mwpz1zjPlzI,UC640y4UvDAlya_WOj5U4pfA,Mod-01 Introduction,177355,670,10,32,2360,0.49592
nptelhrd,EyREi7l5020,UC640y4UvDAlya_WOj5U4pfA,Mod-01 Lec-01 Introduction to Mass Transfer,128397,319,22,34,2745,0.07498
nptelhrd,N01BYteinzE,UC640y4UvDAlya_WOj5U4pfA,Context and Scope of the Course,96444,361,4,14,3147,0.4155
nptelhrd,qcE2Wcpm05k,UC640y4UvDAlya_WOj5U4pfA,Energy Bands in Solids,109528,842,22,67,3205,0.57096
nptelhrd,BzkpfwR9bU0,UC640y4UvDAlya_WOj5U4pfA,Schottky Junction and Ohmic Contacts,86613,906,22,62,3381,0.22586
nptelhrd,TPm0XSPxld8,UC640y4UvDAlya_WOj5U4pfA,Lecture - 1 Introduction to Communication Engineering,290979,686,40,45,3385,0.17652
nptelhrd,0TZUHuPdnKA,UC640y4UvDAlya_WOj5U4pfA,Mod-01 Lec-08 Exchange Rate Arithmetic,68406,454,33,27,3775,0.36126
nptelhrd,_Ckh-60B6LY,UC640y4UvDAlya_WOj5U4pfA,Mod-01 Lec-01 Principles of Condensed Matter Physics,85801,351,14,28,1731,0.37428
nptelhrd,Cj2M-T5HTsE,UC640y4UvDAlya_WOj5U4pfA,Stage Manners,79059,508,21,17,2994,0.5198
nptelhrd,osbozn9iV3g,UC640y4UvDAlya_WOj5U4pfA,Feedback on Presentations I,83956,484,12,26,2814,0.57388
nptelhrd,0AM35Nu5McY,UC640y4UvDAlya_WOj5U4pfA,Introduction,466915,4090,109,97,2970,0.53526
nptelhrd,Bef8QjIjCy0,UC640y4UvDAlya_WOj5U4pfA,Mod-01 Lec-01 Rational Numbers and Rational Cuts,90053,353,13,26,3157,0.22396
nptelhrd,fa0zHI6nLUo,UC640y4UvDAlya_WOj5U4pfA,Mod-01 Lec-01 Introduction and Fundamental Concepts - I,760670,2432,74,198,3118,0.09208
nptelhrd,5H0euuo1PGQ,UC640y4UvDAlya_WOj5U4pfA,Mod-10 Lec-10 Kinematics of Fluid Part - I,101710,485,10,32,3206,0.2425
nptelhrd,vXPtNNLEOUc,UC640y4UvDAlya_WOj5U4pfA,Mod-04 Lec-04 Fluid Statics Part - I,159352,587,12,55,3241,0.53696
nptelhrd,KUDhXlnr-gU,UC640y4UvDAlya_WOj5U4pfA,Mod-01 Lec-01 Introduction to Stochastic Processes,75185,149,20,28,3311,0.0624
nptelhrd,9ujT1upyWVg,UC640y4UvDAlya_WOj5U4pfA,Mod-01 Lec-02 Wireless Channel and Fading,92997,295,17,40,3380,0.28256
nptelhrd,wO2HS7hcSb8,UC640y4UvDAlya_WOj5U4pfA,Mod-01 Lec-01 Introduction to Plasmas,90482,615,14,37,3415,0.32388
nptelhrd,splvwSMAKd0,UC640y4UvDAlya_WOj5U4pfA,Mod-01 Lec-01Lecture-01,125322,487,16,19,3568,0.3186
nptelhrd,eLTpf_5di2o,UC640y4UvDAlya_WOj5U4pfA,Mod-01 Lec-01 Lecture 1,72783,162,7,6,3023,0.41698
nptelhrd,GiPOQC5nYMs,UC640y4UvDAlya_WOj5U4pfA,Mod-01 Lec-01 Calculus of Variations and Integral Equations,70179,163,20,18,3470,-0.17778
nptelhrd,pGerRhxNQJE,UC640y4UvDAlya_WOj5U4pfA,Mod-01 Lec-01 Quantum Mechanics -- An Introduction,259914,1678,71,149,2973,0.54344
nptelhrd,zdouC7ZNTJ0,UC640y4UvDAlya_WOj5U4pfA,Mod-01 Lec-36 Perturbation Theory - I,99481,806,20,54,3171,0.39926
nptelhrd,F3ATYBGC_tY,UC640y4UvDAlya_WOj5U4pfA,Mod-01 Lec-02 Linear Vector Spaces - I,82730,434,13,56,3855,0.19236
nptelhrd,ddJg3gzYEb8,UC640y4UvDAlya_WOj5U4pfA,Mod-01 Lec-01 Introduction to Indian Philosophy,101450,748,40,95,2849,0.15424
nptelhrd,_oxnYV6y51w,UC640y4UvDAlya_WOj5U4pfA,Mod-01 Lec-01 Introduction to Linear Block Codes,86240,205,15,16,3804,0.16682
nptelhrd,_6796gj7-Gw,UC640y4UvDAlya_WOj5U4pfA,Mod-01 Lec-01 Lecture-01-Introduction to Gas Dynamics & Review of Basic Thermodynamics,125866,360,22,27,3036,0.15472
nptelhrd,G4YHzSmT3qU,UC640y4UvDAlya_WOj5U4pfA,Mod-01 Lec-01 Motivation for CFD and Introduction to the CFD approach,67462,236,6,11,3449,0.64426
nptelhrd,yP7OACmLP48,UC640y4UvDAlya_WOj5U4pfA,Mod-01 Lec-01 Lecture-01-High Voltage DC Transmission,104986,376,15,18,3150,0.31752
nptelhrd,cneuckplrtI,UC640y4UvDAlya_WOj5U4pfA,Mod-01 Lec-13 Lecture-13-Three Phase Transformer Phase Groups Part - I,78103,277,35,24,3250,0.1749
nptelhrd,JPhCxbxPHbo,UC640y4UvDAlya_WOj5U4pfA,Mod-01 Lec-05 Lecture-05-Testing of Single Phase Transformers,94705,209,8,21,3434,0.02526
nptelhrd,NiHPu5PltCY,UC640y4UvDAlya_WOj5U4pfA,Mod-01 Lec-21 Lecture-21-Operating Principles of DC Machines,132853,468,33,53,3352,0.21714
nptelhrd,KdH2-rKEyNY,UC640y4UvDAlya_WOj5U4pfA,Mod-01 Lec-01 Introduction to Helicopter Aerodynamics and Dynamics,65998,398,5,25,4364,0.41578
nptelhrd,sVRVT84VQVw,UC640y4UvDAlya_WOj5U4pfA,Mod-01 Lec-02 Lecture-02-Introduction to Process Control (Contd.),66639,184,8,8,3412,0.42242
nptelhrd,m4sjTt7rhow,UC640y4UvDAlya_WOj5U4pfA,"Mod-04 Lec-16 Feedback in amplifiers, Feedback Configurations and multi stage amplifiers",89189,559,24,16,3240,0.53518
nptelhrd,Jlzo8OzoZ_c,UC640y4UvDAlya_WOj5U4pfA,Mod-01 Lec-01  Introduction,146186,628,16,43,3413,0.16832
nptelhrd,KUDGGsyh1Hs,UC640y4UvDAlya_WOj5U4pfA,Mod-01 Lec-01 RF system basic architectures,100544,340,11,30,3499,0.39368
nptelhrd,k9dhcfIyOFc,UC640y4UvDAlya_WOj5U4pfA,Mod-02 Lec-02 Forecasting -- Time series models -- Simple Exponential smoothing,235533,1089,49,110,3181,0.4175
nptelhrd,KA8jr4GLzhI,UC640y4UvDAlya_WOj5U4pfA,Mod-07 Lec-31 Line Balancing,81651,369,23,19,3189,0.2821
nptelhrd,e1yUVLKhcko,UC640y4UvDAlya_WOj5U4pfA,"Mod-02 Lec-03 Forecasting -- Linear Models, Regression, Holt's , seasonality",67037,335,6,27,3220,0.1954
nptelhrd,Gc8emFk-2vc,UC640y4UvDAlya_WOj5U4pfA,Mod-01 Lec-01 Introduction: Vertex cover and independent set,75847,148,15,27,3373,0.56298
nptelhrd,Q-HugPvA7GQ,UC640y4UvDAlya_WOj5U4pfA,Introduction,213332,324,25,34,3543,0.1197
nptelhrd,zgX6S7tEScI,UC640y4UvDAlya_WOj5U4pfA,Mod-01 Lec-03 Dirac Delta Function & Fourier Transforms,71341,614,11,38,3497,0.53504
nptelhrd,s4CN6aVKhPo,UC640y4UvDAlya_WOj5U4pfA,Mod-01 Lec-01 Review of Basic Structural Analysis I,287244,1161,46,36,3142,0.42196
nptelhrd,7Z3LE5uM-6Y,UC640y4UvDAlya_WOj5U4pfA,Lecture-01 Signals,217716,441,25,31,1776,0.00896
nptelhrd,Z_8MpZeMdD4,UC640y4UvDAlya_WOj5U4pfA,Mod-01 Lec-38 Genetic Algorithms,176508,816,42,61,3292,0.71608
nptelhrd,D-9M3GWoBrw,UC640y4UvDAlya_WOj5U4pfA,Superconductivity,100037,792,46,42,3107,0.13802
nptelhrd,KBe1d8BdjqQ,UC640y4UvDAlya_WOj5U4pfA,Maxwell Boltzmann Statistics,93684,658,35,51,3289,0.29992
nptelhrd,e73sb5pyriQ,UC640y4UvDAlya_WOj5U4pfA,Mod-01 Lec-01 An Overview of a Compiler,162372,184,20,20,3354,0.0433
nptelhrd,f8RvFlr5wRk,UC640y4UvDAlya_WOj5U4pfA,Mod-01 Lec-01 Introduction to Information Theory  and Coding,98577,215,17,25,3174,-0.01892
nptelhrd,70gLa0-1Rho,UC640y4UvDAlya_WOj5U4pfA,Lec-1 Introduction to Power System Stability Problem-Part-1,121097,363,30,43,3128,0.18016
nptelhrd,oA4JRcF_3nI,UC640y4UvDAlya_WOj5U4pfA,Lec-30 Compensator Design Using Root Locus Plots,143757,677,18,62,3316,0.57672
nptelhrd,vVFDm__CdQw,UC640y4UvDAlya_WOj5U4pfA,Lec-1 Introduction to control problem,509271,1457,51,89,2023,0.2854
nptelhrd,I2nrBITEVls,UC640y4UvDAlya_WOj5U4pfA,Mod-1 Lec-5 Zener Diode and Applications,77524,179,12,20,3680,0.15594
nptelhrd,v1qw-ttBOdA,UC640y4UvDAlya_WOj5U4pfA,Lec-1 Structure of Materials Part-I,72635,210,16,13,3580,0.44606
nptelhrd,ksR4Xy6tFcM,UC640y4UvDAlya_WOj5U4pfA,Lec-13 Total Quality Management,75127,402,16,11,3442,0.38014
nptelhrd,Fa8E3tCDIpo,UC640y4UvDAlya_WOj5U4pfA,Lec-1 Nature and Scope of HRM,136068,470,34,25,3221,0.2623
nptelhrd,ziHfSkOhAmg,UC640y4UvDAlya_WOj5U4pfA,"Lec-9 Primal Dual Relationships, Duality Theorems",106408,288,9,25,3097,0.4176
nptelhrd,AyRgeA65oI0,UC640y4UvDAlya_WOj5U4pfA,Design for Torsion,66407,266,15,6,3246,0.24582
nptelhrd,hxakW1miEcM,UC640y4UvDAlya_WOj5U4pfA,Design of Staircases,598911,2090,191,115,3172,0.05174
nptelhrd,8ATp13mOhvg,UC640y4UvDAlya_WOj5U4pfA,Design of Footings Part - I,284852,1159,94,64,3226,0.36002
nptelhrd,MkFbC74H0mo,UC640y4UvDAlya_WOj5U4pfA,Design of Slabs Part - V,128527,264,16,34,3203,0.3997
nptelhrd,wJWt0dcgafs,UC640y4UvDAlya_WOj5U4pfA,Design of Columns Part - I,389771,1205,105,55,3125,0.11838
nptelhrd,p6aDP4ycISM,UC640y4UvDAlya_WOj5U4pfA,Design of Columns Part - II,124967,327,24,27,3110,0.01082
nptelhrd,GgatFNtQrBo,UC640y4UvDAlya_WOj5U4pfA,Design of Slabs Part - III,101243,280,14,14,3252,0.51352
nptelhrd,PDJPcQq3PZE,UC640y4UvDAlya_WOj5U4pfA,Design of Slabs Part - 1,520974,1812,114,96,3169,0.52162
nptelhrd,iT2pjfYbyZg,UC640y4UvDAlya_WOj5U4pfA,Limit State of Collapse Shear,89403,295,24,10,3311,0.16782
nptelhrd,0fTvE8aSsiE,UC640y4UvDAlya_WOj5U4pfA,Design of Doubly Reinforced Beam Flexure - I,203535,610,52,37,3373,-0.09534
nptelhrd,j-7aVssJk8I,UC640y4UvDAlya_WOj5U4pfA,Working Stress Method,283623,1039,76,66,3118,-0.01072
nptelhrd,D1m2K-zybf0,UC640y4UvDAlya_WOj5U4pfA,Working Stress Method (Contd...),132341,361,25,40,3154,0.2161
nptelhrd,ba3mZhOpsTM,UC640y4UvDAlya_WOj5U4pfA,Different Methods of Design of Reinforced Concrete Structures,269484,910,37,62,3187,0.1902
nptelhrd,pIdaC_I6H_M,UC640y4UvDAlya_WOj5U4pfA,Introduction - I,782139,3249,115,190,3309,0.32516
nptelhrd,3Do2cZMUGYc,UC640y4UvDAlya_WOj5U4pfA,Materials,219675,797,33,55,3218,0.0681
nptelhrd,K7VIKlUdo20,UC640y4UvDAlya_WOj5U4pfA,Lec-17 Linked Lists-I,336076,885,52,68,2529,0.16184
nptelhrd,atfNaIY9WbQ,UC640y4UvDAlya_WOj5U4pfA,Lec-3 C Programming-II,190502,378,9,48,2833,0.29586
nptelhrd,3QiItmIWmOM,UC640y4UvDAlya_WOj5U4pfA,Lec-2 C Programming-I,416133,830,52,94,2098,0.26584
nptelhrd,T6jHXD78dBI,UC640y4UvDAlya_WOj5U4pfA,Mod-1 Lec-1 Complex Integration,99338,227,13,22,3215,0.14394
nptelhrd,6nguX-cEsvw,UC640y4UvDAlya_WOj5U4pfA,Mod-1 Lec-1 Fundamentals Of Engineering Mechanics,183126,300,34,38,3527,-0.03988
nptelhrd,IcJOkRZPNMI,UC640y4UvDAlya_WOj5U4pfA,"Lec-16 Pipe Friction, Major Loss, Minor Loss",77638,324,15,28,3223,0.43018
nptelhrd,HpoilOJ1Ahc,UC640y4UvDAlya_WOj5U4pfA,Lec-12 Steam Turbine-Impulse,123683,377,18,30,3235,0.30554
nptelhrd,LUZrZJJ7zNQ,UC640y4UvDAlya_WOj5U4pfA,"Lec-6 Property of Pure Substance, Steam Table",163768,961,42,64,3185,0.10112
nptelhrd,4-BI22Wx4Pc,UC640y4UvDAlya_WOj5U4pfA,Lec-20 Vapors Power Cycle-I,192013,869,36,62,3609,0.28036
nptelhrd,o9ueYSKj9og,UC640y4UvDAlya_WOj5U4pfA,Lec-19 Properties of Ideal Gases,67529,173,11,14,3558,0.05544
nptelhrd,pJM9Fh9Fp-I,UC640y4UvDAlya_WOj5U4pfA,Lec-16 Properties of Pure Substances-I,158267,514,23,30,3605,0.35766
nptelhrd,bvqyQB9_N8M,UC640y4UvDAlya_WOj5U4pfA,Lec-11 Second Law and Available Energy-II,110742,346,18,47,3607,0.08668
nptelhrd,5q_MMdGINgQ,UC640y4UvDAlya_WOj5U4pfA,Lec-7 Second Law and Its Corollaries-II,136188,402,22,25,3604,0.33906
nptelhrd,bTgeUXbFiaE,UC640y4UvDAlya_WOj5U4pfA,Lec-8 Second Law and Its Corollaries-III,123424,397,11,42,3607,0.31938
nptelhrd,bCToK4_dmbU,UC640y4UvDAlya_WOj5U4pfA,Lec-5 First Low-III,136859,341,24,74,3623,0.01638
nptelhrd,lvy8h-yWhRQ,UC640y4UvDAlya_WOj5U4pfA,Lec-6 Second Law and Its Corollaries-I,187936,612,32,76,3605,0.34574
nptelhrd,6dFnpz_AEyA,UC640y4UvDAlya_WOj5U4pfA,Lecture 1 - Digital Signal Processing Introduction,600886,1581,77,131,1526,-0.04122
nptelhrd,xQwi9fveGTQ,UC640y4UvDAlya_WOj5U4pfA,Lec-2 Zeroth Law and Fundamental Concepts,343525,1182,60,68,2392,0.3037
nptelhrd,9GMBpZZtjXM,UC640y4UvDAlya_WOj5U4pfA,Lec-1 Introduction and Fundamental Concepts,1147456,4234,184,276,3602,0.2054
nptelhrd,H58TPQNr2kM,UC640y4UvDAlya_WOj5U4pfA,Lec-34 Critical Path Method,313746,838,29,97,3476,0.28984
nptelhrd,2aPlzhsEsIw,UC640y4UvDAlya_WOj5U4pfA,Lec-31 Single Server Queueing Models,204627,913,28,83,3416,0.23028
nptelhrd,h0bdo06qNVw,UC640y4UvDAlya_WOj5U4pfA,Lec-33 Game Theory,305136,1021,49,87,3516,0.36842
nptelhrd,PavZX3hAL6I,UC640y4UvDAlya_WOj5U4pfA,Lec-32 Multiple Server Queueing Models,119949,376,16,39,3373,0.3379
nptelhrd,A1wsIFDKqBk,UC640y4UvDAlya_WOj5U4pfA,Lec-29 Vehicle Routeing Problem,96151,463,11,44,3548,0.29308
nptelhrd,xGkpXk-AnWU,UC640y4UvDAlya_WOj5U4pfA,Lec-30 Queueing Models,454651,2672,89,212,3512,0.4791
nptelhrd,LjvdXKsvUpU,UC640y4UvDAlya_WOj5U4pfA,Lec-26 Heuristics for TSP,66418,255,9,16,3488,0.50378
nptelhrd,UtSrgTsKUfU,UC640y4UvDAlya_WOj5U4pfA,Lec-23 Minimum Cost Flow Problem,100249,363,11,37,3512,0.20388
nptelhrd,wVu5qN0E4ww,UC640y4UvDAlya_WOj5U4pfA,Lec-20 Shortest Path Problem,203854,415,20,39,3484,0.25062
nptelhrd,Dmw3OsyT5yw,UC640y4UvDAlya_WOj5U4pfA,Lec-19 Network Models,230754,881,17,71,3496,-0.1029
nptelhrd,F8qiM3o0Jc0,UC640y4UvDAlya_WOj5U4pfA,Lecture - 11 The Graph Theory Approach for Electrical Circuits(Part-I),237421,1244,84,42,3463,0.0024
nptelhrd,mtRR-5fzKo8,UC640y4UvDAlya_WOj5U4pfA,Mod-1 Lec-1 Introduction to Design of Steel Structures,392665,1096,62,78,3672,0.12218
nptelhrd,Ru3FhYbjcFs,UC640y4UvDAlya_WOj5U4pfA,Lec-1 Introduction,64608,147,5,18,2602,-0.03346
nptelhrd,TH9nd-KdVHs,UC640y4UvDAlya_WOj5U4pfA,Lec-1 Introduction to Digital Computer Organization,108369,198,6,19,2870,0.31704
nptelhrd,LRkqW3QraBA,UC640y4UvDAlya_WOj5U4pfA,Lec-15 Transportation Problem-Other Issues,106222,245,8,35,3701,-0.03406
nptelhrd,vbNDNkvzzuk,UC640y4UvDAlya_WOj5U4pfA,Lec-2 Artificial Neuron Model and Linear Regression,130817,497,20,79,3508,0.10674
nptelhrd,xbYgKoG4x2g,UC640y4UvDAlya_WOj5U4pfA,Lec-1 Introduction to Artificial Neural Networks,445191,1488,52,153,3230,0.30026
nptelhrd,Zxs-f4HsTDk,UC640y4UvDAlya_WOj5U4pfA,"Lec-5 Learning Mechanisms-Hebbian,Competitive,Boltzmann",74221,267,13,33,3436,0.11568
nptelhrd,KshIEHQn5ZM,UC640y4UvDAlya_WOj5U4pfA,Lec-3 Gradient Descent Algorithm,117711,366,30,53,3395,-0.1525
nptelhrd,RnZnIIksdwU,UC640y4UvDAlya_WOj5U4pfA,Lec-14 Transportation Problem-Optimal Solutions,378857,1437,56,199,4208,0.34612
nptelhrd,pcSvhMpoSDs,UC640y4UvDAlya_WOj5U4pfA,Lec-34 Method of Plastic Analysis,115626,500,30,23,3596,0.11944
nptelhrd,ug7O1lSZyg0,UC640y4UvDAlya_WOj5U4pfA,Lec-17 Other Issues - Introduction to Dynamic Programming,148658,438,23,54,3710,0.4681
nptelhrd,_-Mlp3w1Brc,UC640y4UvDAlya_WOj5U4pfA,Lec-12 Sensitivity Analysis Transportation Problem (Intro...),118221,284,10,29,3706,0.0446
nptelhrd,Q31jKiEXxdc,UC640y4UvDAlya_WOj5U4pfA,Lec-13 Transportation Problems,514306,2107,81,275,3649,0.3222
nptelhrd,wxpMKReH8lc,UC640y4UvDAlya_WOj5U4pfA,Lec-11 Simplex Algorithm in Matrix Form - Sensitivity Analysis,106162,269,22,36,3697,0.4188
nptelhrd,a2QgdDk4Xjw,UC640y4UvDAlya_WOj5U4pfA,Lec-1 Introduction to Linear Programming Formulations,932486,2977,125,270,3108,0.55464
nptelhrd,XEA1pOtyrfo,UC640y4UvDAlya_WOj5U4pfA,Lec-3 Linear Programming Solutions- Graphical Methods,250713,991,45,92,3131,0.18234
nptelhrd,pzbSURDWluA,UC640y4UvDAlya_WOj5U4pfA,Lec-2 Linear Programming Formulations (Contd...),193005,489,16,60,3128,0.19494
nptelhrd,wdGiekwXM2w,UC640y4UvDAlya_WOj5U4pfA,Lec-5 Simplex Algorithm-Minimization Problems,354722,1069,42,118,3131,0.38588
nptelhrd,gmDwUCvOJQ8,UC640y4UvDAlya_WOj5U4pfA,Lec-8 Introduction to Duality,166968,645,19,87,3063,0.37856
nptelhrd,A1SWKe6ZwVc,UC640y4UvDAlya_WOj5U4pfA,Lec-1 Solid Mechanics,395783,775,53,54,3590,0.19972
nptelhrd,yYIVumq6sVM,UC640y4UvDAlya_WOj5U4pfA,Mod-1 Lec-1 Production Planning and Control,260113,797,37,37,4208,0.39862
nptelhrd,Yy-8e3sCr0U,UC640y4UvDAlya_WOj5U4pfA,Mod-01 Lec - 1 Geographic Information System An Introduction,111888,265,26,37,1690,0.48114
nptelhrd,P7gVp333B6M,UC640y4UvDAlya_WOj5U4pfA,Mod-1 Lec-1 Solution of ODE of First Order and First Degree,126993,136,12,11,3230,0.40366
nptelhrd,bd5XkVqdWOg,UC640y4UvDAlya_WOj5U4pfA,Lecture -13 Superhet Receiver etc,88185,240,10,29,2981,-0.00754
nptelhrd,EgKc9L7cbKc,UC640y4UvDAlya_WOj5U4pfA,Lecture - 1 An Introduction to CAD,381624,1330,120,49,3074,-0.05736
nptelhrd,GOkZs2RZMQY,UC640y4UvDAlya_WOj5U4pfA,Mod-01 Lec-10 Hamiltonian dynamics (Part 1),104550,714,19,68,3990,0.36096
nptelhrd,clTA0pONnMs,UC640y4UvDAlya_WOj5U4pfA,Module - 4 Lecture - 1 Operational Amplifier (Introduction),263088,603,117,71,3551,0.1893
nptelhrd,KsG_rsGF2g8,UC640y4UvDAlya_WOj5U4pfA,Module - 3 Lecture - 1 Metal Oxide Semiconductor Field,84244,220,12,19,3549,0.23426
nptelhrd,bsybS5fZGjY,UC640y4UvDAlya_WOj5U4pfA,Mod-01 Lec-08 Summary of classical electromagnetism,84084,619,8,95,4404,0.12196
nptelhrd,0Zo93VDyacE,UC640y4UvDAlya_WOj5U4pfA,Mod-01 Lec-03 Dynamics in phase space,131631,714,28,75,3944,0.25844
nptelhrd,2CsMpEBl5QY,UC640y4UvDAlya_WOj5U4pfA,Lecture - 24  X-Ray Diffraction,177129,599,45,49,3114,0.3504
nptelhrd,gnD8Se92hfk,UC640y4UvDAlya_WOj5U4pfA,Lecture - 1 Simple Harmonic Oscillators,140919,430,20,23,3230,0.17546
nptelhrd,QlwcPjHpnH0,UC640y4UvDAlya_WOj5U4pfA,Lecture - 39 Latch - up in CMOS,88038,328,17,13,2437,0.40684
nptelhrd,db5nZCipJh8,UC640y4UvDAlya_WOj5U4pfA,Lecture - 6 Defects in Crystal + Crystal growth,76895,272,18,22,2957,0.34466
nptelhrd,9SnR3M3CIm4,UC640y4UvDAlya_WOj5U4pfA,Lecture - 1 Introduction on VLSI Design,562620,2313,69,153,2942,0.31366
nptelhrd,_j-YEdsVV74,UC640y4UvDAlya_WOj5U4pfA,Lecture - 2 Bipolar Junction Transistor Fabrication,120192,384,26,48,2928,0.19342
nptelhrd,8X1x9RLaaxc,UC640y4UvDAlya_WOj5U4pfA,Mod-01 Lec-02 Newtonian mechanics,202645,1133,26,127,3887,0.15628
nptelhrd,ZFUnpwNRUwA,UC640y4UvDAlya_WOj5U4pfA,Lecture - 7 Quantum Physics,96108,304,5,35,4071,0.10502
nptelhrd,wzoPHorPwis,UC640y4UvDAlya_WOj5U4pfA,Lecture - 6 Classical Vs Quantum Mechanics,109037,435,12,35,3472,0.23944
nptelhrd,G_7ZE-1yo4k,UC640y4UvDAlya_WOj5U4pfA,Lecture - 5 Linear operations in a linear vector space and their eigenvalues,66433,243,9,30,3921,0.30862
nptelhrd,HAuLXbeEV8U,UC640y4UvDAlya_WOj5U4pfA,Lecture - 4 Functions in a linear vector space,76643,247,10,27,3545,0.30734
nptelhrd,NnsrEsGpv1I,UC640y4UvDAlya_WOj5U4pfA,Lecture - 3 Equilibrium Carrier Concentration,81272,282,9,32,3345,0.2352
nptelhrd,QDPzZC95L_Y,UC640y4UvDAlya_WOj5U4pfA,Lecture - 2 Evolution and Uniqueness of Semiconductor,76841,238,3,25,3492,0.57156
nptelhrd,Kp-jS6NHsB8,UC640y4UvDAlya_WOj5U4pfA,Lecture - 1 Introduction on Solid State Devices,362626,1009,33,80,3552,0.128
nptelhrd,y3ARLfm-52w,UC640y4UvDAlya_WOj5U4pfA,Lecture - 2 Introduction to linear vector spaces,341581,1528,65,123,3797,0.38188
nptelhrd,TcmGYe39XG0,UC640y4UvDAlya_WOj5U4pfA,Lecture - 1 Introduction to Quantum Physics;Heisenberg''s uncertainty principle,1099245,6781,215,706,3656,0.33498
nptelhrd,IGmWHUsBQ4U,UC640y4UvDAlya_WOj5U4pfA,Lecture - 18 Forced Convection - 1,111566,302,16,15,3041,0.24544
nptelhrd,CDncSyDvpdQ,UC640y4UvDAlya_WOj5U4pfA,Lecture - 10 Thermal Radiation - 1,153853,638,20,56,3269,0.31898
nptelhrd,6OGnB9tywtI,UC640y4UvDAlya_WOj5U4pfA,Lecture - 29 Boiling and Condensation - 1,73739,279,22,14,3338,0.09328
nptelhrd,fnEu5g8V-5s,UC640y4UvDAlya_WOj5U4pfA,Lecture - 12 Thermal Radiation - 3,82668,224,5,22,3268,0.16028
nptelhrd,Kj0ebo-vVAg,UC640y4UvDAlya_WOj5U4pfA,Lecture - 26 Heat Exchangers - 2,111115,316,12,20,3499,0.24422
nptelhrd,jc_hL_tSFzo,UC640y4UvDAlya_WOj5U4pfA,Lecture - 25 Heat Exchangers - 1,169391,704,27,43,3122,0.32632
nptelhrd,jr8Xl3zSmEw,UC640y4UvDAlya_WOj5U4pfA,Lecture - 19 Forced Convection - 2,65488,142,10,12,3014,0.09896
nptelhrd,qa-PQOjS3zA,UC640y4UvDAlya_WOj5U4pfA,Lecture - 1 Introduction on Heat and Mass Transfer,681927,2549,71,159,3041,0.38468
nptelhrd,CL3ups78jrs,UC640y4UvDAlya_WOj5U4pfA,Lecture - 1 Introduction to Digital Systems Design,194822,291,36,19,3597,0.39614
nptelhrd,exctAga2KXY,UC640y4UvDAlya_WOj5U4pfA,Lecture - 24 Principles of Pavement Design,66012,173,13,12,3555,-0.21558
nptelhrd,5zKC_aq4ypM,UC640y4UvDAlya_WOj5U4pfA,Lecture - 1 Transportation Engineering,275887,817,37,50,3481,0.56166
nptelhrd,V1m3cB-Aqy8,UC640y4UvDAlya_WOj5U4pfA,Lecture - 1 Soil Mechanics,397800,937,62,75,2496,0.2422
nptelhrd,Fuyq6WrM1EA,UC640y4UvDAlya_WOj5U4pfA,Lecture - 17 Photovoltaic Power Generation,87833,367,11,24,3397,0.40974
nptelhrd,GExTwRNkQBg,UC640y4UvDAlya_WOj5U4pfA,Lecture - 21 Wind Energy I,155133,615,57,52,3394,0.0123
nptelhrd,vOo2MCYPsm4,UC640y4UvDAlya_WOj5U4pfA,Lecture - 34 Design and Applications of Jigs and Fixtures,94335,320,13,12,3306,0.23998
nptelhrd,rC16fhvXZOo,UC640y4UvDAlya_WOj5U4pfA,Lecture - 37 Audio and Video Compression,76832,326,17,23,3409,0.30558
nptelhrd,sG6WGvzmVaw,UC640y4UvDAlya_WOj5U4pfA,Lecture - 1 Introduction and Course Outline - Data Communication,383879,674,30,53,3617,0.2866
nptelhrd,A0dTvf_Q8BA,UC640y4UvDAlya_WOj5U4pfA,Lecture - 1 Instructional Objectives - I,190308,284,13,15,3671,0.31362
nptelhrd,9MrRZGKsCWs,UC640y4UvDAlya_WOj5U4pfA,Lecture - 16 Flow and Error Control,67872,195,14,18,3549,0.49306
nptelhrd,81Fdif5e85c,UC640y4UvDAlya_WOj5U4pfA,Lecture - 3 On Tool Geometry,207994,939,55,38,3798,-0.00842
nptelhrd,bDPULOFFlaI,UC640y4UvDAlya_WOj5U4pfA,Lecture - 39 Natural Language Processing - I,101713,294,38,27,3449,0.46926
nptelhrd,Qcl5g1UtEv4,UC640y4UvDAlya_WOj5U4pfA,Lecture - 21 Image Enhancement Frequency,67418,131,9,7,3587,0.56528
nptelhrd,0qFhCz2o4l4,UC640y4UvDAlya_WOj5U4pfA,Lecture 4 Pixel Relationships,117533,330,23,23,3436,0.2512
nptelhrd,CVV0TvNK6pk,UC640y4UvDAlya_WOj5U4pfA,Lecture 1 Introduction to Digital Image Processing,546729,895,42,70,3241,0.07658
nptelhrd,d39tTuUbDVw,UC640y4UvDAlya_WOj5U4pfA,Lecture - 2 Intelligent Agents,105887,270,14,38,3372,0.36902
nptelhrd,fV2k2ivttL0,UC640y4UvDAlya_WOj5U4pfA,Lecture - 1 Introduction to Artificial Intelligence,396012,806,53,103,3451,0.14538
nptelhrd,wEr6mwquPLY,UC640y4UvDAlya_WOj5U4pfA,Lecture -5 Requirements Engineering / Specification,96274,192,19,24,3399,0.09294
nptelhrd,Z6f9ckEElsU,UC640y4UvDAlya_WOj5U4pfA,Lecture - 1 Introduction to Software Engineering,660944,1698,123,132,3141,0.27004
nptelhrd,AN5I6fFxyfs,UC640y4UvDAlya_WOj5U4pfA,Lecture - 2 Introduction to Software Engineering,153611,252,17,29,3176,-0.1407
nptelhrd,xhn188JafbM,UC640y4UvDAlya_WOj5U4pfA,Module - 1 Lecture - 1 Semiconductor materials,610651,1322,84,74,3193,-0.05978
nptelhrd,Ngu1UbRAeqQ,UC640y4UvDAlya_WOj5U4pfA,Lecture -18 Processor Design,82805,403,17,16,2749,0.45342
nptelhrd,HbsuwpJgKao,UC640y4UvDAlya_WOj5U4pfA,Lecture -3 Instruction Set Architecture - I,183560,367,28,23,3138,0.43572
nptelhrd,m5c27rQtD2E,UC640y4UvDAlya_WOj5U4pfA,Lecture - 34 Data Mining and Knowledge Discovery,137165,287,38,48,3286,0.04234
nptelhrd,TbvhGcf6UJU,UC640y4UvDAlya_WOj5U4pfA,Lecture - 12 AVL Trees,158791,469,27,60,3619,0.28046
nptelhrd,uhAUk63tLRM,UC640y4UvDAlya_WOj5U4pfA,Lecture - 18 Tries,119146,440,13,42,3695,0.20992
nptelhrd,gtWw_8VvHjk,UC640y4UvDAlya_WOj5U4pfA,Lecture - 10 Quick Sort,159757,302,16,54,3524,0.17872
nptelhrd,eWeqqVpgNPg,UC640y4UvDAlya_WOj5U4pfA,Lecture - 7 Tree Walks / Traversals,128703,313,2,34,3071,0.18884
nptelhrd,zWg7U0OEAoE,UC640y4UvDAlya_WOj5U4pfA,Lecture - 1 Introduction to Data Structures and Algorithms,1780681,4727,231,344,3211,0.17116
nptelhrd,BmayUdDaDYM,UC640y4UvDAlya_WOj5U4pfA,Lecture - 4 Dictionaries,200609,560,25,39,3223,0.20928
nptelhrd,g1USSZVWDsY,UC640y4UvDAlya_WOj5U4pfA,Lecture - 2 Stacks,442822,738,49,91,3850,0.18648
nptelhrd,PGWZUgzDMYI,UC640y4UvDAlya_WOj5U4pfA,Lecture - 3 Queues and Linked Lists,270563,432,31,59,3635,-0.053
nptelhrd,tORLeHHtazM,UC640y4UvDAlya_WOj5U4pfA,Lecture - 6 Trees,270814,667,22,62,2594,0.28564
nptelhrd,EUzsy3W4I0g,UC640y4UvDAlya_WOj5U4pfA,Lecture -1 Introduction to Database Management System,766225,1069,154,170,3212,0.20574
nptelhrd,n5sULPYRgc8,UC640y4UvDAlya_WOj5U4pfA,Lecture - 1 Feed Back Theory,108509,275,7,26,3001,0.52684
nptelhrd,whB7IX3NQpg,UC640y4UvDAlya_WOj5U4pfA,Mechanics of Solids - IITM 1.1 Planar Rigid Body,173127,438,14,37,701,0.47408
nptelhrd,nNcfzNjIifU,UC640y4UvDAlya_WOj5U4pfA,Beams - BMD and SFD,333074,1349,57,66,2741,-0.2195
nptelhrd,1R5R-GbYrTk,UC640y4UvDAlya_WOj5U4pfA,Mechanics of Solids - IITM 2.7 Trusses - Method of Sections,352534,1871,85,109,977,0.48786
nptelhrd,0C4uxtS-tlQ,UC640y4UvDAlya_WOj5U4pfA,Lecture - 20 Bipolar Junction Transistor,417960,1346,100,112,3263,0.19848
nptelhrd,_lPvL-JLV0Y,UC640y4UvDAlya_WOj5U4pfA,Lecture - 5 Voltage Multiplier,113666,359,14,29,3365,0.3354
nptelhrd,TXjHWGngsME,UC640y4UvDAlya_WOj5U4pfA,Lecture - 2 Diode,620376,1524,97,170,3041,0.47528
nptelhrd,G4rl3yyyQ6c,UC640y4UvDAlya_WOj5U4pfA,Tips and Tricks - Engineering Statics - solivng problems,517740,1712,164,144,1348,0.05732
nptelhrd,g8uqeru2LQw,UC640y4UvDAlya_WOj5U4pfA,Mechanics of Solids - IITM 1.2 Degrees of freedom,99754,453,17,62,1878,0.1242
nptelhrd,qQcpnmJNluU,UC640y4UvDAlya_WOj5U4pfA,Lecture - 1 Introduction,384321,683,35,40,3270,-0.0296
nptelhrd,WUCMavXbJo4,UC640y4UvDAlya_WOj5U4pfA,Lecture - 2 Sampling,302487,714,72,65,3197,0.17144
nptelhrd,oFEOryECzug,UC640y4UvDAlya_WOj5U4pfA,"Lecture - 3 Quantization , PCM and Delta Modulation",213073,416,54,50,3103,0.05476
nptelhrd,ZW1glqkIgcw,UC640y4UvDAlya_WOj5U4pfA,Lecture - 12 Digital Modulation Techniques (Part - 1),172958,290,40,31,3214,0.51268
nptelhrd,6h6Fi6AQiRM,UC640y4UvDAlya_WOj5U4pfA,Lecture -18 Dynamic Programming,216409,759,17,93,3139,0.32968
nptelhrd,7KQf7f8ti1U,UC640y4UvDAlya_WOj5U4pfA,Lecture - 2 Framework for Algorithms Analysis,128288,271,13,40,3382,0.17988
nptelhrd,5Y8Lfsreeck,UC640y4UvDAlya_WOj5U4pfA,Lecture - 1 Overview of the course,373512,842,18,61,3111,0.33396
nptelhrd,nMsB6Soz4Hc,UC640y4UvDAlya_WOj5U4pfA,Lecture -30 Belt Drives,110131,388,21,9,3590,0.2524
nptelhrd,erW4HZ5I928,UC640y4UvDAlya_WOj5U4pfA,Lecture - 37 Design of Cylinders & Pressure Vessels - II,132016,348,31,18,3589,0.11956
nptelhrd,o6gBjstVjFk,UC640y4UvDAlya_WOj5U4pfA,Lecture - 38 Control Valve - I,74754,140,6,7,3595,-0.15094
nptelhrd,nhGRUmtnGB4,UC640y4UvDAlya_WOj5U4pfA,Lecture - 6 IP Subnetting and Addressing,132390,222,8,24,3612,0.37458
nptelhrd,uUhOEj4z8Fo,UC640y4UvDAlya_WOj5U4pfA,Lecture -25 Javascript -Part :I,126580,272,22,32,3649,0.3628
nptelhrd,QEtWL4lWlL4,UC640y4UvDAlya_WOj5U4pfA,Lecture -13 HTML-Part-I,99580,230,12,17,3596,0.30244
nptelhrd,HcMh7ahJxfo,UC640y4UvDAlya_WOj5U4pfA,Lecture -25 Short Circuit Analysis,141539,509,34,26,3611,0.36192
nptelhrd,BYtY61hOiaw,UC640y4UvDAlya_WOj5U4pfA,Lecture - 2 Introduction to Single Line Diagram,195879,348,44,50,3587,-0.19904
nptelhrd,MYGT1_9mwpg,UC640y4UvDAlya_WOj5U4pfA,Lecture - 16 Power Flow - I,99157,258,21,15,3596,0.4905
nptelhrd,EIDXE28_8eQ,UC640y4UvDAlya_WOj5U4pfA,Module 1 Lecture -1 Functions Of Buildings,299794,966,47,100,3701,0.30102
nptelhrd,uPAE2ZcFdo4,UC640y4UvDAlya_WOj5U4pfA,Module 3 Lecture -1 Concrete:Material,79819,280,18,73,3037,0.35504
nptelhrd,I3u6IYWINV0,UC640y4UvDAlya_WOj5U4pfA,Module 9 Lecture -2 Mix Design Of concrete IS Method,110237,525,42,23,3325,0.06832
nptelhrd,fqiYu6IOtmU,UC640y4UvDAlya_WOj5U4pfA,Lecture 26 CMOS Inverter,230417,996,60,60,3036,0.42528
nptelhrd,U6i8Xmi0Y20,UC640y4UvDAlya_WOj5U4pfA,"Lecture 36  ROM-EPROM,EEPROM and Flash EPROM",211335,1152,72,92,2400,0.36968
nptelhrd,QqFlHhSkayw,UC640y4UvDAlya_WOj5U4pfA,Lecture - 4 Power Electronics,129805,276,38,25,3426,0.1416
nptelhrd,r1sLCDA-kNY,UC640y4UvDAlya_WOj5U4pfA,Lecture - 1 Introduction to the Theory of Probability,325258,480,66,64,3589,0.3175
nptelhrd,0AuMdY3IyJ8,UC640y4UvDAlya_WOj5U4pfA,Module -1 Lecture -2 EQUILIBRIUM - I,147597,325,23,19,3356,0.21066
nptelhrd,aTVDiRtRook,UC640y4UvDAlya_WOj5U4pfA,Lecture - 1 Introduction to Engineering Geology,196816,558,26,29,3593,0.14936
nptelhrd,LG0YzGeAFxk,UC640y4UvDAlya_WOj5U4pfA,Module-1 Lecture-1 Engineering Mechanics,637712,1512,73,119,3718,-0.08338
nptelhrd,iJTHPgYAqvQ,UC640y4UvDAlya_WOj5U4pfA,Analysis of Strain - I,78078,119,5,13,3594,0.25748
nptelhrd,tTBnW5gAieM,UC640y4UvDAlya_WOj5U4pfA,Lecture - 39 Springs - I,67482,275,11,19,3595,0.2548
nptelhrd,dwqrOqo2sHA,UC640y4UvDAlya_WOj5U4pfA,Analysis of Stress - IV,87149,120,18,8,3597,0.24344
nptelhrd,ITuWnrl3aKI,UC640y4UvDAlya_WOj5U4pfA,Lecture - 22 Bending of Beams - I,173003,515,15,29,3583,-0.0274
nptelhrd,iNG4bLMyeFA,UC640y4UvDAlya_WOj5U4pfA,Analysis of Stress - 1,459035,985,71,77,4206,0.11166
nptelhrd,GkFgysZC4Vc,UC640y4UvDAlya_WOj5U4pfA,Introduction - Strength of Materials,1065636,3525,178,171,3579,0.27986
nptelhrd,tas2eUavhRE,UC640y4UvDAlya_WOj5U4pfA,Lecture 15 - Inroduction to memory system,162464,582,40,41,3279,0.31522
nptelhrd,p9wxyIx-j-c,UC640y4UvDAlya_WOj5U4pfA,Lecture - 12 Addressing Modes,316996,1011,60,71,3157,0.38192
nptelhrd,ceuXLsuZhLE,UC640y4UvDAlya_WOj5U4pfA,Lecture - 6 Data Path Architecture,132184,441,21,49,3429,0.39142
nptelhrd,piuWSMLNeco,UC640y4UvDAlya_WOj5U4pfA,Lecture - 5 Processor As a State Machine,71746,195,9,35,3055,0.54724
nptelhrd,VG9VopzV_T0,UC640y4UvDAlya_WOj5U4pfA,Lecture - 2 Introduction To System : Software,241696,713,25,60,3004,0.24406
nptelhrd,leWKvuZVUE8,UC640y4UvDAlya_WOj5U4pfA,Lecture - 1 Introduction To Computing,686237,2073,93,198,3046,0.17012
nptelhrd,qhXZuVFhVzo,UC640y4UvDAlya_WOj5U4pfA,Lecture - 7 Application of Diodes,163074,362,20,50,3313,0.11816
nptelhrd,U8riFeiiu3s,UC640y4UvDAlya_WOj5U4pfA,Lecture - 7 Fourier Series (1),184468,386,25,36,3130,0.25986
nptelhrd,SNjcFH24UpI,UC640y4UvDAlya_WOj5U4pfA,Lecture - 1 Networks and Systems Introductory Concepts (1),223692,426,18,18,3300,-0.11718
nptelhrd,I_9Pwyxhe40,UC640y4UvDAlya_WOj5U4pfA,Lecture - 10 Data Acquisition Systems,85558,247,17,15,3594,0.18372
nptelhrd,gByrUkZUnKo,UC640y4UvDAlya_WOj5U4pfA,lecture - 7 Flow Measurement,130664,559,47,31,3592,0.0322
nptelhrd,As5kzxkyT24,UC640y4UvDAlya_WOj5U4pfA,Lecture - 4 Temperature Measurement,91845,253,14,14,3595,0.42854
nptelhrd,S22u7_Eq26g,UC640y4UvDAlya_WOj5U4pfA,Lecture - 18 Satellite Communication,158261,404,22,29,3591,0.45054
nptelhrd,KDHbP81SAmA,UC640y4UvDAlya_WOj5U4pfA,Lecture - 19 Ethernet - CSMA/CD,108206,195,9,29,3586,-0.15312
nptelhrd,f6-G7gMwpuw,UC640y4UvDAlya_WOj5U4pfA,Lecture - 9 SONET/SDH,257908,533,46,58,3599,0.35078
nptelhrd,NSHj9BLnhj0,UC640y4UvDAlya_WOj5U4pfA,Lecture - 2 Network Topology,254132,279,30,44,3589,0.00708
nptelhrd,3DZLItfbqtQ,UC640y4UvDAlya_WOj5U4pfA,Lecture -1 Emergence of Networks & Reference Models,590957,760,57,81,3588,0.38398
nptelhrd,j9y0gfN9WMg,UC640y4UvDAlya_WOj5U4pfA,Lecture - 1 Introduction to MEMS & Microsystems,100934,212,23,22,3582,0.05036
nptelhrd,7gJth7_Slls,UC640y4UvDAlya_WOj5U4pfA,Lecture - 8 Knowledge Based Systems: Logic and Deduction,71192,178,10,13,3595,0.08038
nptelhrd,eLbMPyrw4rw,UC640y4UvDAlya_WOj5U4pfA,Lecture - 1 Introduction,266650,372,11,42,3586,0.4959
nptelhrd,RJrEaTJuX_A,UC640y4UvDAlya_WOj5U4pfA,Lecture - 15 Simple Digital Filters,84306,163,3,13,3576,0.03734
nptelhrd,c4piqzh7-Gw,UC640y4UvDAlya_WOj5U4pfA,Lecture - 9 Network Theorams and Network Functions,78150,139,13,9,3330,0.22352
nptelhrd,wJ8HZ7hqUs8,UC640y4UvDAlya_WOj5U4pfA,Lecture - 2 Project Management: An Overview,242514,594,27,41,3036,0.48642
nptelhrd,Eknlx7zHBVo,UC640y4UvDAlya_WOj5U4pfA,Lecture - 1 Review of Signals and Systems,476972,947,41,73,2533,0.345
nptelhrd,9P9Gs8o9oHk,UC640y4UvDAlya_WOj5U4pfA,Lecture - 6 Project Selection,69575,206,9,15,3309,0.36716
nptelhrd,bur9hq_abog,UC640y4UvDAlya_WOj5U4pfA,Lecture - 38 GSM and CDMA,254515,507,51,26,3067,-0.12644
nptelhrd,E4OYh890IRE,UC640y4UvDAlya_WOj5U4pfA,Lecture - 40 Material Requirements Planning,234840,950,58,94,3598,0.245
nptelhrd,zlZaOnBbpUg,UC640y4UvDAlya_WOj5U4pfA,Lecture - 35 The Analysis of Time Series,144776,420,19,48,3558,0.62078
nptelhrd,DVEbZ__FNRg,UC640y4UvDAlya_WOj5U4pfA,Lecture - 34 Forecasting,162386,497,24,28,3528,0.2473
nptelhrd,GpqMAzGEXXk,UC640y4UvDAlya_WOj5U4pfA,Lecture - 7 FIR & IIR; Recursive & Non Recursive,116460,304,10,20,3387,0.366
nptelhrd,ZqoX2W1N6l0,UC640y4UvDAlya_WOj5U4pfA,Lecture - 13 Lipids and Membranes 1,108565,412,13,47,3121,0.55244
nptelhrd,jLyi2K-29xU,UC640y4UvDAlya_WOj5U4pfA,Lecture - 20 Nucleic Acids 1,102176,393,18,28,3587,0.54314
nptelhrd,6AfRX6oh9-E,UC640y4UvDAlya_WOj5U4pfA,Lecture - 12 Myoglobin and Hemoglobin,76427,289,10,37,3588,0.27838
nptelhrd,lBJdZzb2cl0,UC640y4UvDAlya_WOj5U4pfA,Lecture 8 - Mobile Radio Propagation,93709,231,16,13,3511,0.46518
nptelhrd,X0vrUM4LOmk,UC640y4UvDAlya_WOj5U4pfA,Lecture 9 - Mobile Radio Propagation Contd,74499,189,11,12,3061,0.1069
nptelhrd,whYljse4Abc,UC640y4UvDAlya_WOj5U4pfA,Lecture 4 - The cellular concept - System Design issues,155595,406,24,35,3529,0
nptelhrd,QHDxbbc1GWs,UC640y4UvDAlya_WOj5U4pfA,Lecture 2 - Types of Wireless communication,221895,278,26,31,3341,0.43356
nptelhrd,CUyF0YGIA5Y,UC640y4UvDAlya_WOj5U4pfA,Lec 1 - Motivation and Introduction,292521,533,29,52,2919,0.05206
nptelhrd,y9RAhEfLfJs,UC640y4UvDAlya_WOj5U4pfA,Lecture -1 Embedded Systems: Introduction,774620,2334,111,156,3340,0.20574
nptelhrd,qehQlT3RJu4,UC640y4UvDAlya_WOj5U4pfA,Lecture - 6 Modelling of Circuit,110621,182,10,21,3511,0.13076
nptelhrd,TsZukmeaewc,UC640y4UvDAlya_WOj5U4pfA,Lecture 1 - Evolution of Management Thought,170185,483,36,24,2900,0.59326
nptelhrd,FrbxxqNHn2I,UC640y4UvDAlya_WOj5U4pfA,Lecture - 38 Induction Motor 3,181019,481,8,66,3584,0.4487
nptelhrd,ze8LY4yq9Wk,UC640y4UvDAlya_WOj5U4pfA,Lecture - 37 Induction Motor 2,210031,706,17,95,3698,0.50178
nptelhrd,dZyO5gcWP-o,UC640y4UvDAlya_WOj5U4pfA,lecture 36 - Induction motor,652086,2257,75,213,3660,0.17238
nptelhrd,cv2L7CfBYrA,UC640y4UvDAlya_WOj5U4pfA,Lecture - 35 Three Phase Transformer 2,174719,389,24,29,3698,0.46086
nptelhrd,yzG-t0sLUgM,UC640y4UvDAlya_WOj5U4pfA,Lecture - 20 The Practical Transformer,109702,234,9,26,3513,0.28866
nptelhrd,D4RFFnzRdkk,UC640y4UvDAlya_WOj5U4pfA,Lecture - 23 DC Machine,321417,875,52,82,4206,-0.15
nptelhrd,ZZEZUysFPDY,UC640y4UvDAlya_WOj5U4pfA,Lecture - 3 Passive Components,240364,770,44,67,3738,0.41884
nptelhrd,yurSdXxaIFo,UC640y4UvDAlya_WOj5U4pfA,Lecture - 1 Introduction,105530,157,21,36,3852,0.24682
nptelhrd,c0i5zevJytQ,UC640y4UvDAlya_WOj5U4pfA,Lecture - 2,184887,555,34,49,3312,0.43436
nptelhrd,qhEton-EEOw,UC640y4UvDAlya_WOj5U4pfA,Lecture -1 Structural Analysis,726780,2307,129,149,3300,0.12738
nptelhrd,ZsajLQ4OiV8,UC640y4UvDAlya_WOj5U4pfA,Module 3 - Lecture 1 Surveying,66932,183,9,20,3631,0.3573
nptelhrd,4AuwG2G_ERU,UC640y4UvDAlya_WOj5U4pfA,Environmental Air Pollution - Introduction to Atmosphere,94623,156,17,19,2932,0.20038
nptelhrd,MhbU0qyYt48,UC640y4UvDAlya_WOj5U4pfA,Module 7 Lecture 1 Surveying,67515,233,13,9,3592,0.25372
nptelhrd,fx1uUek3Iqg,UC640y4UvDAlya_WOj5U4pfA,Lecture 1 - Water Resources  Engineering,174330,373,34,36,2398,0.29034
nptelhrd,Wj2g9Cf_IDc,UC640y4UvDAlya_WOj5U4pfA,Lecture - 2 Amino Acids II,168533,735,25,77,3420,0.26976
nptelhrd,DhwAp6yQHQI,UC640y4UvDAlya_WOj5U4pfA,Lecture - 1 Amino Acids I,679813,2784,109,281,3243,0.73176
nptelhrd,IWgNA9ynfGs,UC640y4UvDAlya_WOj5U4pfA,Lecture - 25 Metabolism I,119917,386,12,43,3594,0.7941
nptelhrd,aeC7M9PDjQw,UC640y4UvDAlya_WOj5U4pfA,Lecture - 17 Carbohydrates II,106916,342,20,30,3206,0.49804
nptelhrd,iuW3nk5EADg,UC640y4UvDAlya_WOj5U4pfA,Lecture - 16 Carbohydrates I,165318,684,30,69,3169,0.1484
nptelhrd,Fp1wKo72b2A,UC640y4UvDAlya_WOj5U4pfA,Lecture - 4 Protein structure II,146327,347,14,41,3245,0.06866
nptelhrd,8BeXwhljq2g,UC640y4UvDAlya_WOj5U4pfA,Lec 1 - Introduction To Problem Solving and Programming,123243,154,27,13,1340,0.19564
nptelhrd,qAOJzp7ckGo,UC640y4UvDAlya_WOj5U4pfA,Lecture - 34  Psychrometry,166319,641,63,51,3559,0.31328
nptelhrd,F_7OhKUYV5c,UC640y4UvDAlya_WOj5U4pfA,Lec-1 Fluid Mechanics,588828,1155,105,142,3066,-0.09086
nptelhrd,fK_j_3ZJwuk,UC640y4UvDAlya_WOj5U4pfA,Lecture - 24 Automatic Generation Control,82582,434,17,26,2917,0.55678
nptelhrd,y_UJvHMEun0,UC640y4UvDAlya_WOj5U4pfA,Lecture - 11 Capacitance of Transmission Lines,73156,174,15,17,3216,0.32514
nptelhrd,lr1jgbR5ca8,UC640y4UvDAlya_WOj5U4pfA,Lecture - 10 Transmission Line Parameters,139826,463,43,10,2657,0.16568
nptelhrd,uy9lZCdkQIM,UC640y4UvDAlya_WOj5U4pfA,Lectures - 1 Electric Energy Systems,346372,1007,44,51,3255,-0.00166
nptelhrd,zqXgmVnI3L8,UC640y4UvDAlya_WOj5U4pfA,Lecture -1 History of Refrigeration,390918,851,48,81,3572,0.08962
nptelhrd,N0hTFnvIE7A,UC640y4UvDAlya_WOj5U4pfA,module 12 Lectrue 1 Kinematics Of Machines,156404,669,31,38,3086,0.33662
nptelhrd,55tKVBVQDUY,UC640y4UvDAlya_WOj5U4pfA,Module 10 Lecture 1 Kinematics Of Machines,115376,623,13,38,3333,0.47876
nptelhrd,PSdHf6yozyc,UC640y4UvDAlya_WOj5U4pfA,Lecture - 11 Transistor Biasing,362718,911,56,152,3476,0.35494
nptelhrd,vfVVF58FtCc,UC640y4UvDAlya_WOj5U4pfA,Lecture - 4 Some Useful Laws in Basic Electronics,242566,474,24,66,3545,0.4775
nptelhrd,Wf19II0ts84,UC640y4UvDAlya_WOj5U4pfA,Lecture - 3 Electronics Devices,311053,681,30,95,3590,0.17122
nptelhrd,qqQ8wO-lNmI,UC640y4UvDAlya_WOj5U4pfA,Lecture - 2 Electronic Devices 1,432757,1163,46,128,3309,0.09324
nptelhrd,w8Dq8blTmSA,UC640y4UvDAlya_WOj5U4pfA,Lecture - 1 Introduction to Basic Electronics,1873036,5378,380,520,3383,0.26154
nptelhrd,EVqBzOGQlkI,UC640y4UvDAlya_WOj5U4pfA,Module 1 Lecture 2 Kinematics of machines,185912,534,16,40,2209,0.32694
nptelhrd,DPcVMEBDpAY,UC640y4UvDAlya_WOj5U4pfA,Lecture - 6 Transformations,106048,240,18,16,3346,0.11718
nptelhrd,gje7QDlmGyU,UC640y4UvDAlya_WOj5U4pfA,Lecture 35 - Explicit and Implicit Methods,86120,334,26,22,3541,0.25656
nptelhrd,CogfMjKUGc0,UC640y4UvDAlya_WOj5U4pfA,Lecture 31 - Solving Ordinary Differential Equations,86677,162,19,10,3517,0.02052
nptelhrd,fwzYuhduME4,UC640y4UvDAlya_WOj5U4pfA,Lecture - 1 Introduction to computer graphics,610846,1364,112,152,3249,0.29594
nptelhrd,mKrwrQMT0a4,UC640y4UvDAlya_WOj5U4pfA,Lecture 3 - Pointers And Arrays,175242,317,25,47,3608,0.4173
nptelhrd,zjyR9e-N1D4,UC640y4UvDAlya_WOj5U4pfA,Lecture 1 - Programing Basics,415445,737,61,84,3441,0.0987
nptelhrd,dZKvUyIdMhk,UC640y4UvDAlya_WOj5U4pfA,Introduction - Intelligent Systems Control,87824,126,18,12,3569,-0.0683
nptelhrd,XGQr1uEX-Dc,UC640y4UvDAlya_WOj5U4pfA,Module 14 - Lecture 1 - Vibration Measurement,81969,235,13,11,3831,0.2861
