channelId,videoId,channelTitle,title,viewCount,likeCount,dislikeCount,favoriteCount,commentCount,duration
UC640y4UvDAlya_WOj5U4pfA,lcpHTBWmJ6U,nptelhrd,NPTEL - Most Extensive & Most Viewed Education Channel in the World,96736,716,31,0,53,PT5M19S
UC640y4UvDAlya_WOj5U4pfA,HpIEeBtJupY,nptelhrd,mod01lec1-Introduction to metrology,82777,405,26,0,14,PT43M40S
UC640y4UvDAlya_WOj5U4pfA,bfvUtSumLcE,nptelhrd,NPTEL Introduction,266663,465,38,0,53,PT10M25S
UC640y4UvDAlya_WOj5U4pfA,md5UCR7mcIY,nptelhrd,Mod-01 Lec-1 Introduction,401647,3135,88,0,149,PT52M45S
UC640y4UvDAlya_WOj5U4pfA,Z9nfbVh5Wzk,nptelhrd,Mod-01 Lec-01 Thermodynamics  and the Chemical Industry,75797,241,12,0,13,PT38M10S
UC640y4UvDAlya_WOj5U4pfA,dzsPmCLpqI4,nptelhrd,Mod-01 Lec-37 Boundary Layer Theory,152974,902,43,0,60,PT59M14S
UC640y4UvDAlya_WOj5U4pfA,DFMf9oPbuRI,nptelhrd,Mod-01 Lec-01,123887,381,19,0,51,PT42M10S
UC640y4UvDAlya_WOj5U4pfA,3bhoVSI6VoI,nptelhrd,Mod-01 Lec-24 Axial Flow Compressor Part I,78349,482,21,0,25,PT56M5S
UC640y4UvDAlya_WOj5U4pfA,PJPzvPqf9YI,nptelhrd,Mod-01 Lec-16 Matching of Pump and System Characteristics,76284,483,25,0,8,PT30M59S
UC640y4UvDAlya_WOj5U4pfA,OQV8WmUdeIo,nptelhrd,Simple Linear Regression(Part A),73639,307,8,0,21,PT55M21S
UC640y4UvDAlya_WOj5U4pfA,LbHZeEL98nQ,nptelhrd,"Mod-01 Lec-01 Introduction ,Extended Real numbers",65710,341,10,0,37,PT55M49S
UC640y4UvDAlya_WOj5U4pfA,_FTYrQtrDps,nptelhrd,Mod-01 Lec-01 INTRODUCTION,86981,403,4,0,37,PT34M55S
UC640y4UvDAlya_WOj5U4pfA,1LubzKrjr68,nptelhrd,Mod-01 Lec-02 Linear Equations,102490,538,23,0,26,PT35M10S
UC640y4UvDAlya_WOj5U4pfA,LJ-LoJhbBA4,nptelhrd,Mod-01 Lec-01 Introduction to the Course Contents.,272456,1147,31,0,76,PT26M47S
UC640y4UvDAlya_WOj5U4pfA,zvRdbPMEMUI,nptelhrd,Mod-04 Lec-14 Linear Transformations,71570,515,27,0,22,PT50M10S
UC640y4UvDAlya_WOj5U4pfA,VcLWubfmJcM,nptelhrd,Mod-01 Lec-03 Dochira kara desu ka ( Where are you from?),71165,557,28,0,46,PT55M32S
UC640y4UvDAlya_WOj5U4pfA,AECBgmkWvo0,nptelhrd,Mod-01 Lec-01 Introduction,96202,452,6,0,25,PT39M29S
UC640y4UvDAlya_WOj5U4pfA,RxbJo2kDRxE,nptelhrd,Mod-01 Lec-03 Magnetic Circuit,97155,597,15,0,9,PT49M18S
UC640y4UvDAlya_WOj5U4pfA,vLPpF0hunwc,nptelhrd,Mod-01 Lec-01 Introduction to Managerial Economics,92822,377,31,0,21,PT45M23S
UC640y4UvDAlya_WOj5U4pfA,mfePdDh9t6Q,nptelhrd,Mod-01 Lec-01 Principles of Pattern Recognition I (Introduction and Uses),90011,333,6,0,42,PT46M39S
UC640y4UvDAlya_WOj5U4pfA,ebO38bbq0_4,nptelhrd,Mod-01 Lec-01 Introduction to Nanotechnology,76598,400,7,0,18,PT47M
UC640y4UvDAlya_WOj5U4pfA,NBcGLLU90fM,nptelhrd,Mod-01 Lec-01 General Introduction,88359,400,14,0,23,PT59M59S
UC640y4UvDAlya_WOj5U4pfA,mUWCnANvJdE,nptelhrd,Mod-01 Lec-23 Design of Retaining Wall,314818,1871,102,0,39,PT58M7S
UC640y4UvDAlya_WOj5U4pfA,2T9s5i21yCs,nptelhrd,Mod-01 Lec-21 Well Foundation,82779,602,45,0,30,PT55M48S
UC640y4UvDAlya_WOj5U4pfA,qxNTQozl5fE,nptelhrd,Mod-01 Lec-03 Vehicle Load Distribution – Acceleration and Braking,69279,293,10,0,38,PT47M45S
UC640y4UvDAlya_WOj5U4pfA,539Bk9fFOyo,nptelhrd,Mod-01 Lec-02 Introduction to finite automaton.,69534,309,10,0,27,PT1H1M5S
UC640y4UvDAlya_WOj5U4pfA,q01b-lV6y5Q,nptelhrd,Mod-01 Lec-02 Analytic functions of a complex variable (Part II),79026,463,11,0,47,PT42M8S
UC640y4UvDAlya_WOj5U4pfA,b5VUnapu-qs,nptelhrd,Mod-01 Lec-01 Analytic functions of a complex variable (Part I),328397,2233,71,0,100,PT37M1S
UC640y4UvDAlya_WOj5U4pfA,o77UV7YrWvw,nptelhrd,Mod-02 Lec-03 Calculus of residues (Part I),78464,469,16,0,42,PT40M22S
UC640y4UvDAlya_WOj5U4pfA,SRVswRH5Q7E,nptelhrd,Mod-01 Lec-29 Support Vector Machine,65672,470,13,0,59,PT55M10S
UC640y4UvDAlya_WOj5U4pfA,eNQTnPXNIFA,nptelhrd,Mod-01 Lec-01 Introduction to multivariate statistical modeling,76001,268,12,0,20,PT1H2M54S
UC640y4UvDAlya_WOj5U4pfA,hkCT-6KJAK0,nptelhrd,Mod-01 Lec-30  Principal Component Analysis (PCA),72185,369,19,0,40,PT1H3M17S
UC640y4UvDAlya_WOj5U4pfA,52nI2IPyOu8,nptelhrd,State Space Search - Introduction,67172,277,15,0,19,PT54M3S
UC640y4UvDAlya_WOj5U4pfA,hwYzBBkkhyU,nptelhrd,Mod-01 Lec-13 Miller Indices,133273,687,50,0,26,PT56M59S
UC640y4UvDAlya_WOj5U4pfA,TbLJqifPXKM,nptelhrd,"Mod-01 Lec-04 Crystal structure, Reciprocal lattice I",89789,529,29,0,28,PT58M51S
UC640y4UvDAlya_WOj5U4pfA,6LoWEs8z1A4,nptelhrd,Mod-01 Lec-02 Nuclear Size,88447,649,10,0,46,PT58M49S
UC640y4UvDAlya_WOj5U4pfA,josqjcH79PE,nptelhrd,Mod-01 Lec-01 -Brief Overview of the course,227873,1634,28,0,100,PT53M34S
UC640y4UvDAlya_WOj5U4pfA,3bwcXPmF2VA,nptelhrd,Mod-01 Lec-17 Shell model,80161,520,25,0,28,PT53M36S
UC640y4UvDAlya_WOj5U4pfA,cx5gPKp9QEc,nptelhrd,Cement: Production and Composition,173723,831,33,0,29,PT1H7S
UC640y4UvDAlya_WOj5U4pfA,m2B8t8vzeUE,nptelhrd,Introduction to Welding Engineering,84665,362,22,0,10,PT1H27M44S
UC640y4UvDAlya_WOj5U4pfA,Xt1zAWbccIQ,nptelhrd,Mod-01 Lec-03 Vectors and Tensors,78972,517,20,0,27,PT1H
UC640y4UvDAlya_WOj5U4pfA,6ju8mig4VoU,nptelhrd,Mod-01 Lec-01 Introduction and course overview,81473,297,13,0,6,PT42M56S
UC640y4UvDAlya_WOj5U4pfA,5OxdXq91TV0,nptelhrd,"Mod-01 Lec-01 Introduction, Basic definition of corrosion",152576,556,41,0,32,PT56M59S
UC640y4UvDAlya_WOj5U4pfA,UlRNHEMSGQE,nptelhrd,Mod-01 Lec-01 Lecture 1,95227,687,16,0,45,PT1H32M57S
UC640y4UvDAlya_WOj5U4pfA,OxIQhyAn9JE,nptelhrd,Mod-01 Lec-02 DC -- DC converters,149669,715,43,0,34,PT54M6S
UC640y4UvDAlya_WOj5U4pfA,_gJPYgQQ01c,nptelhrd,Mod-01 Lec-01 Electronic switches,93525,402,7,0,39,PT57M56S
UC640y4UvDAlya_WOj5U4pfA,Dg5AIy0bY1A,nptelhrd,Mod-01 Lec-03 DC -- AC converters,117565,531,41,0,23,PT57M57S
UC640y4UvDAlya_WOj5U4pfA,KR74TQesUoQ,nptelhrd,Mod-01 Lec-01 Introduction to Finite Element Method,289597,1303,30,0,71,PT49M5S
UC640y4UvDAlya_WOj5U4pfA,_-5W9RvrjvA,nptelhrd,Mod-01 Lec-04 Introduction to Finite Element Method,91587,369,5,0,35,PT49M45S
UC640y4UvDAlya_WOj5U4pfA,9Sf278j1GTU,nptelhrd,Mod-01 Lec-01 Introduction,95505,235,11,0,16,PT53M49S
UC640y4UvDAlya_WOj5U4pfA,5vaYfd0fekI,nptelhrd,Mod-01 Lec-23 Iron-Carbon Phase Diagram,491392,2934,153,0,94,PT55M33S
UC640y4UvDAlya_WOj5U4pfA,44NXK9_h3wE,nptelhrd,Mod-01 Lec-37 Proofs in Indian Mathematics - Part 2,67275,618,23,0,51,PT47M47S
UC640y4UvDAlya_WOj5U4pfA,Yf_4Qv-A55Q,nptelhrd,Mod-01 Lec-01 Wave Paticle Duality,120646,802,20,0,37,PT47M7S
UC640y4UvDAlya_WOj5U4pfA,zVi5hx37yvw,nptelhrd,Mod-01 Lec-01 What is sociology?,197334,1914,36,0,107,PT54M32S
UC640y4UvDAlya_WOj5U4pfA,Mwpz1zjPlzI,nptelhrd,Mod-01 Introduction,177355,670,10,0,32,PT39M20S
UC640y4UvDAlya_WOj5U4pfA,EyREi7l5020,nptelhrd,Mod-01 Lec-01 Introduction to Mass Transfer,128397,319,22,0,34,PT45M45S
UC640y4UvDAlya_WOj5U4pfA,N01BYteinzE,nptelhrd,Context and Scope of the Course,96444,361,4,0,14,PT52M27S
UC640y4UvDAlya_WOj5U4pfA,qcE2Wcpm05k,nptelhrd,Energy Bands in Solids,109528,842,22,0,67,PT53M25S
UC640y4UvDAlya_WOj5U4pfA,BzkpfwR9bU0,nptelhrd,Schottky Junction and Ohmic Contacts,86613,906,22,0,62,PT56M21S
UC640y4UvDAlya_WOj5U4pfA,TPm0XSPxld8,nptelhrd,Lecture - 1 Introduction to Communication Engineering,290979,686,40,0,45,PT56M25S
UC640y4UvDAlya_WOj5U4pfA,-sLHfYnxh8s,nptelhrd,Mod-01 Lec-01 Understanding Organizational Behaviour,76163,296,20,0,22,PT59M7S
UC640y4UvDAlya_WOj5U4pfA,0TZUHuPdnKA,nptelhrd,Mod-01 Lec-08 Exchange Rate Arithmetic,68406,454,33,0,27,PT1H2M55S
UC640y4UvDAlya_WOj5U4pfA,_Ckh-60B6LY,nptelhrd,Mod-01 Lec-01 Principles of Condensed Matter Physics,85801,351,14,0,28,PT28M51S
UC640y4UvDAlya_WOj5U4pfA,Cj2M-T5HTsE,nptelhrd,Stage Manners,79059,508,21,0,17,PT49M54S
UC640y4UvDAlya_WOj5U4pfA,osbozn9iV3g,nptelhrd,Feedback on Presentations I,83956,484,12,0,26,PT46M54S
UC640y4UvDAlya_WOj5U4pfA,0AM35Nu5McY,nptelhrd,Introduction,466915,4090,109,0,97,PT49M30S
UC640y4UvDAlya_WOj5U4pfA,Bef8QjIjCy0,nptelhrd,Mod-01 Lec-01 Rational Numbers and Rational Cuts,90053,353,13,0,26,PT52M37S
UC640y4UvDAlya_WOj5U4pfA,fa0zHI6nLUo,nptelhrd,Mod-01 Lec-01 Introduction and Fundamental Concepts - I,760670,2432,74,0,198,PT51M58S
UC640y4UvDAlya_WOj5U4pfA,5H0euuo1PGQ,nptelhrd,Mod-10 Lec-10 Kinematics of Fluid Part - I,101710,485,10,0,32,PT53M26S
UC640y4UvDAlya_WOj5U4pfA,vXPtNNLEOUc,nptelhrd,Mod-04 Lec-04 Fluid Statics Part - I,159352,587,12,0,55,PT54M1S
UC640y4UvDAlya_WOj5U4pfA,KUDhXlnr-gU,nptelhrd,Mod-01 Lec-01 Introduction to Stochastic Processes,75185,149,20,0,28,PT55M11S
UC640y4UvDAlya_WOj5U4pfA,9ujT1upyWVg,nptelhrd,Mod-01 Lec-02 Wireless Channel and Fading,92997,295,17,0,40,PT56M20S
UC640y4UvDAlya_WOj5U4pfA,-ymnQ5rpcYA,nptelhrd,Mod-01 Lec-01 Introduction to 3G/4G Standards,216199,696,28,0,52,PT57M45S
UC640y4UvDAlya_WOj5U4pfA,wO2HS7hcSb8,nptelhrd,Mod-01 Lec-01 Introduction to Plasmas,90482,615,14,0,37,PT56M55S
UC640y4UvDAlya_WOj5U4pfA,splvwSMAKd0,nptelhrd,Mod-01 Lec-01Lecture-01,125322,487,16,0,19,PT59M28S
UC640y4UvDAlya_WOj5U4pfA,eLTpf_5di2o,nptelhrd,Mod-01 Lec-01 Lecture 1,72783,162,7,0,6,PT50M23S
UC640y4UvDAlya_WOj5U4pfA,GiPOQC5nYMs,nptelhrd,Mod-01 Lec-01 Calculus of Variations and Integral Equations,70179,163,20,0,18,PT57M50S
UC640y4UvDAlya_WOj5U4pfA,pGerRhxNQJE,nptelhrd,Mod-01 Lec-01 Quantum Mechanics -- An Introduction,259914,1678,71,0,149,PT49M33S
UC640y4UvDAlya_WOj5U4pfA,zdouC7ZNTJ0,nptelhrd,Mod-01 Lec-36 Perturbation Theory - I,99481,806,20,0,54,PT52M51S
UC640y4UvDAlya_WOj5U4pfA,F3ATYBGC_tY,nptelhrd,Mod-01 Lec-02 Linear Vector Spaces - I,82730,434,13,0,56,PT1H4M15S
UC640y4UvDAlya_WOj5U4pfA,ddJg3gzYEb8,nptelhrd,Mod-01 Lec-01 Introduction to Indian Philosophy,101450,748,40,0,95,PT47M29S
UC640y4UvDAlya_WOj5U4pfA,_oxnYV6y51w,nptelhrd,Mod-01 Lec-01 Introduction to Linear Block Codes,86240,205,15,0,16,PT1H3M24S
UC640y4UvDAlya_WOj5U4pfA,_6796gj7-Gw,nptelhrd,Mod-01 Lec-01 Lecture-01-Introduction to Gas Dynamics & Review of Basic Thermodynamics,125866,360,22,0,27,PT50M36S
UC640y4UvDAlya_WOj5U4pfA,G4YHzSmT3qU,nptelhrd,Mod-01 Lec-01 Motivation for CFD and Introduction to the CFD approach,67462,236,6,0,11,PT57M29S
UC640y4UvDAlya_WOj5U4pfA,yP7OACmLP48,nptelhrd,Mod-01 Lec-01 Lecture-01-High Voltage DC Transmission,104986,376,15,0,18,PT52M30S
UC640y4UvDAlya_WOj5U4pfA,cneuckplrtI,nptelhrd,Mod-01 Lec-13 Lecture-13-Three Phase Transformer Phase Groups Part - I,78103,277,35,0,24,PT54M10S
UC640y4UvDAlya_WOj5U4pfA,JPhCxbxPHbo,nptelhrd,Mod-01 Lec-05 Lecture-05-Testing of Single Phase Transformers,94705,209,8,0,21,PT57M14S
UC640y4UvDAlya_WOj5U4pfA,NiHPu5PltCY,nptelhrd,Mod-01 Lec-21 Lecture-21-Operating Principles of DC Machines,132853,468,33,0,53,PT55M52S
UC640y4UvDAlya_WOj5U4pfA,KdH2-rKEyNY,nptelhrd,Mod-01 Lec-01 Introduction to Helicopter Aerodynamics and Dynamics,65998,398,5,0,25,PT1H12M44S
UC640y4UvDAlya_WOj5U4pfA,sVRVT84VQVw,nptelhrd,Mod-01 Lec-02 Lecture-02-Introduction to Process Control (Contd.),66639,184,8,0,8,PT56M52S
UC640y4UvDAlya_WOj5U4pfA,m4sjTt7rhow,nptelhrd,"Mod-04 Lec-16 Feedback in amplifiers, Feedback Configurations and multi stage amplifiers",89189,559,24,0,16,PT54M
UC640y4UvDAlya_WOj5U4pfA,Jlzo8OzoZ_c,nptelhrd,Mod-01 Lec-01  Introduction,146186,628,16,0,43,PT56M53S
UC640y4UvDAlya_WOj5U4pfA,KUDGGsyh1Hs,nptelhrd,Mod-01 Lec-01 RF system basic architectures,100544,340,11,0,30,PT58M19S
UC640y4UvDAlya_WOj5U4pfA,k9dhcfIyOFc,nptelhrd,Mod-02 Lec-02 Forecasting -- Time series models -- Simple Exponential smoothing,235533,1089,49,0,110,PT53M1S
UC640y4UvDAlya_WOj5U4pfA,KA8jr4GLzhI,nptelhrd,Mod-07 Lec-31 Line Balancing,81651,369,23,0,19,PT53M9S
UC640y4UvDAlya_WOj5U4pfA,e1yUVLKhcko,nptelhrd,"Mod-02 Lec-03 Forecasting -- Linear Models, Regression, Holt's , seasonality",67037,335,6,0,27,PT53M40S
UC640y4UvDAlya_WOj5U4pfA,Gc8emFk-2vc,nptelhrd,Mod-01 Lec-01 Introduction: Vertex cover and independent set,75847,148,15,0,27,PT56M13S
UC640y4UvDAlya_WOj5U4pfA,Q-HugPvA7GQ,nptelhrd,Introduction,213332,324,25,0,34,PT59M3S
UC640y4UvDAlya_WOj5U4pfA,-eBRqhfdGrU,nptelhrd,Mod-01 Lec-01 EFM Course Outline,76708,221,7,0,18,PT48M59S
UC640y4UvDAlya_WOj5U4pfA,zgX6S7tEScI,nptelhrd,Mod-01 Lec-03 Dirac Delta Function & Fourier Transforms,71341,614,11,0,38,PT58M17S
UC640y4UvDAlya_WOj5U4pfA,s4CN6aVKhPo,nptelhrd,Mod-01 Lec-01 Review of Basic Structural Analysis I,287244,1161,46,0,36,PT52M22S
UC640y4UvDAlya_WOj5U4pfA,7Z3LE5uM-6Y,nptelhrd,Lecture-01 Signals,217716,441,25,0,31,PT29M36S
UC640y4UvDAlya_WOj5U4pfA,Z_8MpZeMdD4,nptelhrd,Mod-01 Lec-38 Genetic Algorithms,176508,816,42,0,61,PT54M52S
UC640y4UvDAlya_WOj5U4pfA,-aIRqNnUvEg,nptelhrd,Mod-01 Lec-01 GRAMMARS AND NATURAL LANGUAGE PROCESSING,311529,947,31,0,100,PT53M26S
UC640y4UvDAlya_WOj5U4pfA,D-9M3GWoBrw,nptelhrd,Superconductivity,100037,792,46,0,42,PT51M47S
UC640y4UvDAlya_WOj5U4pfA,KBe1d8BdjqQ,nptelhrd,Maxwell Boltzmann Statistics,93684,658,35,0,51,PT54M49S
UC640y4UvDAlya_WOj5U4pfA,e73sb5pyriQ,nptelhrd,Mod-01 Lec-01 An Overview of a Compiler,162372,184,20,0,20,PT55M54S
UC640y4UvDAlya_WOj5U4pfA,f8RvFlr5wRk,nptelhrd,Mod-01 Lec-01 Introduction to Information Theory  and Coding,98577,215,17,0,25,PT52M54S
UC640y4UvDAlya_WOj5U4pfA,70gLa0-1Rho,nptelhrd,Lec-1 Introduction to Power System Stability Problem-Part-1,121097,363,30,0,43,PT52M8S
UC640y4UvDAlya_WOj5U4pfA,oA4JRcF_3nI,nptelhrd,Lec-30 Compensator Design Using Root Locus Plots,143757,677,18,0,62,PT55M16S
UC640y4UvDAlya_WOj5U4pfA,vVFDm__CdQw,nptelhrd,Lec-1 Introduction to control problem,509271,1457,51,0,89,PT33M43S
UC640y4UvDAlya_WOj5U4pfA,I2nrBITEVls,nptelhrd,Mod-1 Lec-5 Zener Diode and Applications,77524,179,12,0,20,PT1H1M20S
UC640y4UvDAlya_WOj5U4pfA,-jb5A9GIuNQ,nptelhrd,Mod-1 Lec-2 Open Channel Hydraulic Part-1,148420,697,18,0,34,PT1H1M54S
UC640y4UvDAlya_WOj5U4pfA,v1qw-ttBOdA,nptelhrd,Lec-1 Structure of Materials Part-I,72635,210,16,0,13,PT59M40S
UC640y4UvDAlya_WOj5U4pfA,ksR4Xy6tFcM,nptelhrd,Lec-13 Total Quality Management,75127,402,16,0,11,PT57M22S
UC640y4UvDAlya_WOj5U4pfA,Fa8E3tCDIpo,nptelhrd,Lec-1 Nature and Scope of HRM,136068,470,34,0,25,PT53M41S
UC640y4UvDAlya_WOj5U4pfA,ziHfSkOhAmg,nptelhrd,"Lec-9 Primal Dual Relationships, Duality Theorems",106408,288,9,0,25,PT51M37S
UC640y4UvDAlya_WOj5U4pfA,AyRgeA65oI0,nptelhrd,Design for Torsion,66407,266,15,0,6,PT54M6S
UC640y4UvDAlya_WOj5U4pfA,hxakW1miEcM,nptelhrd,Design of Staircases,598911,2090,191,0,115,PT52M52S
UC640y4UvDAlya_WOj5U4pfA,8ATp13mOhvg,nptelhrd,Design of Footings Part - I,284852,1159,94,0,64,PT53M46S
UC640y4UvDAlya_WOj5U4pfA,MkFbC74H0mo,nptelhrd,Design of Slabs Part - V,128527,264,16,0,34,PT53M23S
UC640y4UvDAlya_WOj5U4pfA,wJWt0dcgafs,nptelhrd,Design of Columns Part - I,389771,1205,105,0,55,PT52M5S
UC640y4UvDAlya_WOj5U4pfA,p6aDP4ycISM,nptelhrd,Design of Columns Part - II,124967,327,24,0,27,PT51M50S
UC640y4UvDAlya_WOj5U4pfA,GgatFNtQrBo,nptelhrd,Design of Slabs Part - III,101243,280,14,0,14,PT54M12S
UC640y4UvDAlya_WOj5U4pfA,PDJPcQq3PZE,nptelhrd,Design of Slabs Part - 1,520974,1812,114,0,96,PT52M49S
UC640y4UvDAlya_WOj5U4pfA,iT2pjfYbyZg,nptelhrd,Limit State of Collapse Shear,89403,295,24,0,10,PT55M11S
UC640y4UvDAlya_WOj5U4pfA,0fTvE8aSsiE,nptelhrd,Design of Doubly Reinforced Beam Flexure - I,203535,610,52,0,37,PT56M13S
UC640y4UvDAlya_WOj5U4pfA,j-7aVssJk8I,nptelhrd,Working Stress Method,283623,1039,76,0,66,PT51M58S
UC640y4UvDAlya_WOj5U4pfA,D1m2K-zybf0,nptelhrd,Working Stress Method (Contd...),132341,361,25,0,40,PT52M34S
UC640y4UvDAlya_WOj5U4pfA,ba3mZhOpsTM,nptelhrd,Different Methods of Design of Reinforced Concrete Structures,269484,910,37,0,62,PT53M7S
UC640y4UvDAlya_WOj5U4pfA,pIdaC_I6H_M,nptelhrd,Introduction - I,782139,3249,115,0,190,PT55M9S
UC640y4UvDAlya_WOj5U4pfA,3Do2cZMUGYc,nptelhrd,Materials,219675,797,33,0,55,PT53M38S
UC640y4UvDAlya_WOj5U4pfA,K7VIKlUdo20,nptelhrd,Lec-17 Linked Lists-I,336076,885,52,0,68,PT42M9S
UC640y4UvDAlya_WOj5U4pfA,atfNaIY9WbQ,nptelhrd,Lec-3 C Programming-II,190502,378,9,0,48,PT47M13S
UC640y4UvDAlya_WOj5U4pfA,3QiItmIWmOM,nptelhrd,Lec-2 C Programming-I,416133,830,52,0,94,PT34M58S
UC640y4UvDAlya_WOj5U4pfA,T6jHXD78dBI,nptelhrd,Mod-1 Lec-1 Complex Integration,99338,227,13,0,22,PT53M35S
UC640y4UvDAlya_WOj5U4pfA,6nguX-cEsvw,nptelhrd,Mod-1 Lec-1 Fundamentals Of Engineering Mechanics,183126,300,34,0,38,PT58M47S
UC640y4UvDAlya_WOj5U4pfA,IcJOkRZPNMI,nptelhrd,"Lec-16 Pipe Friction, Major Loss, Minor Loss",77638,324,15,0,28,PT53M43S
UC640y4UvDAlya_WOj5U4pfA,HpoilOJ1Ahc,nptelhrd,Lec-12 Steam Turbine-Impulse,123683,377,18,0,30,PT53M55S
UC640y4UvDAlya_WOj5U4pfA,LUZrZJJ7zNQ,nptelhrd,"Lec-6 Property of Pure Substance, Steam Table",163768,961,42,0,64,PT53M5S
UC640y4UvDAlya_WOj5U4pfA,4-BI22Wx4Pc,nptelhrd,Lec-20 Vapors Power Cycle-I,192013,869,36,0,62,PT1H9S
UC640y4UvDAlya_WOj5U4pfA,o9ueYSKj9og,nptelhrd,Lec-19 Properties of Ideal Gases,67529,173,11,0,14,PT59M18S
UC640y4UvDAlya_WOj5U4pfA,pJM9Fh9Fp-I,nptelhrd,Lec-16 Properties of Pure Substances-I,158267,514,23,0,30,PT1H5S
UC640y4UvDAlya_WOj5U4pfA,bvqyQB9_N8M,nptelhrd,Lec-11 Second Law and Available Energy-II,110742,346,18,0,47,PT1H7S
UC640y4UvDAlya_WOj5U4pfA,5q_MMdGINgQ,nptelhrd,Lec-7 Second Law and Its Corollaries-II,136188,402,22,0,25,PT1H4S
UC640y4UvDAlya_WOj5U4pfA,bTgeUXbFiaE,nptelhrd,Lec-8 Second Law and Its Corollaries-III,123424,397,11,0,42,PT1H7S
UC640y4UvDAlya_WOj5U4pfA,bCToK4_dmbU,nptelhrd,Lec-5 First Low-III,136859,341,24,0,74,PT1H23S
UC640y4UvDAlya_WOj5U4pfA,lvy8h-yWhRQ,nptelhrd,Lec-6 Second Law and Its Corollaries-I,187936,612,32,0,76,PT1H5S
UC640y4UvDAlya_WOj5U4pfA,6dFnpz_AEyA,nptelhrd,Lecture 1 - Digital Signal Processing Introduction,600886,1581,77,0,131,PT25M26S
UC640y4UvDAlya_WOj5U4pfA,xQwi9fveGTQ,nptelhrd,Lec-2 Zeroth Law and Fundamental Concepts,343525,1182,60,0,68,PT39M52S
UC640y4UvDAlya_WOj5U4pfA,9GMBpZZtjXM,nptelhrd,Lec-1 Introduction and Fundamental Concepts,1147456,4234,184,0,276,PT1H2S
UC640y4UvDAlya_WOj5U4pfA,H58TPQNr2kM,nptelhrd,Lec-34 Critical Path Method,313746,838,29,0,97,PT57M56S
UC640y4UvDAlya_WOj5U4pfA,2aPlzhsEsIw,nptelhrd,Lec-31 Single Server Queueing Models,204627,913,28,0,83,PT56M56S
UC640y4UvDAlya_WOj5U4pfA,h0bdo06qNVw,nptelhrd,Lec-33 Game Theory,305136,1021,49,0,87,PT58M36S
UC640y4UvDAlya_WOj5U4pfA,PavZX3hAL6I,nptelhrd,Lec-32 Multiple Server Queueing Models,119949,376,16,0,39,PT56M13S
UC640y4UvDAlya_WOj5U4pfA,A1wsIFDKqBk,nptelhrd,Lec-29 Vehicle Routeing Problem,96151,463,11,0,44,PT59M8S
UC640y4UvDAlya_WOj5U4pfA,xGkpXk-AnWU,nptelhrd,Lec-30 Queueing Models,454651,2672,89,0,212,PT58M32S
UC640y4UvDAlya_WOj5U4pfA,LjvdXKsvUpU,nptelhrd,Lec-26 Heuristics for TSP,66418,255,9,0,16,PT58M8S
UC640y4UvDAlya_WOj5U4pfA,UtSrgTsKUfU,nptelhrd,Lec-23 Minimum Cost Flow Problem,100249,363,11,0,37,PT58M32S
UC640y4UvDAlya_WOj5U4pfA,wVu5qN0E4ww,nptelhrd,Lec-20 Shortest Path Problem,203854,415,20,0,39,PT58M4S
UC640y4UvDAlya_WOj5U4pfA,Dmw3OsyT5yw,nptelhrd,Lec-19 Network Models,230754,881,17,0,71,PT58M16S
UC640y4UvDAlya_WOj5U4pfA,F8qiM3o0Jc0,nptelhrd,Lecture - 11 The Graph Theory Approach for Electrical Circuits(Part-I),237421,1244,84,0,42,PT57M43S
UC640y4UvDAlya_WOj5U4pfA,mtRR-5fzKo8,nptelhrd,Mod-1 Lec-1 Introduction to Design of Steel Structures,392665,1096,62,0,78,PT1H1M12S
UC640y4UvDAlya_WOj5U4pfA,Ru3FhYbjcFs,nptelhrd,Lec-1 Introduction,64608,147,5,0,18,PT43M22S
UC640y4UvDAlya_WOj5U4pfA,TH9nd-KdVHs,nptelhrd,Lec-1 Introduction to Digital Computer Organization,108369,198,6,0,19,PT47M50S
UC640y4UvDAlya_WOj5U4pfA,LRkqW3QraBA,nptelhrd,Lec-15 Transportation Problem-Other Issues,106222,245,8,0,35,PT1H1M41S
UC640y4UvDAlya_WOj5U4pfA,vbNDNkvzzuk,nptelhrd,Lec-2 Artificial Neuron Model and Linear Regression,130817,497,20,0,79,PT58M28S
UC640y4UvDAlya_WOj5U4pfA,xbYgKoG4x2g,nptelhrd,Lec-1 Introduction to Artificial Neural Networks,445191,1488,52,0,153,PT53M50S
UC640y4UvDAlya_WOj5U4pfA,Zxs-f4HsTDk,nptelhrd,"Lec-5 Learning Mechanisms-Hebbian,Competitive,Boltzmann",74221,267,13,0,33,PT57M16S
UC640y4UvDAlya_WOj5U4pfA,KshIEHQn5ZM,nptelhrd,Lec-3 Gradient Descent Algorithm,117711,366,30,0,53,PT56M35S
UC640y4UvDAlya_WOj5U4pfA,RnZnIIksdwU,nptelhrd,Lec-14 Transportation Problem-Optimal Solutions,378857,1437,56,0,199,PT1H1M8S
UC640y4UvDAlya_WOj5U4pfA,pcSvhMpoSDs,nptelhrd,Lec-34 Method of Plastic Analysis,115626,500,30,0,23,PT59M56S
UC640y4UvDAlya_WOj5U4pfA,ug7O1lSZyg0,nptelhrd,Lec-17 Other Issues - Introduction to Dynamic Programming,148658,438,23,0,54,PT1H1M50S
UC640y4UvDAlya_WOj5U4pfA,_-Mlp3w1Brc,nptelhrd,Lec-12 Sensitivity Analysis Transportation Problem (Intro...),118221,284,10,0,29,PT1H1M46S
UC640y4UvDAlya_WOj5U4pfA,Q31jKiEXxdc,nptelhrd,Lec-13 Transportation Problems,514306,2107,81,0,275,PT1H49S
UC640y4UvDAlya_WOj5U4pfA,wxpMKReH8lc,nptelhrd,Lec-11 Simplex Algorithm in Matrix Form - Sensitivity Analysis,106162,269,22,0,36,PT1H1M37S
UC640y4UvDAlya_WOj5U4pfA,a2QgdDk4Xjw,nptelhrd,Lec-1 Introduction to Linear Programming Formulations,932486,2977,125,0,270,PT51M48S
UC640y4UvDAlya_WOj5U4pfA,XEA1pOtyrfo,nptelhrd,Lec-3 Linear Programming Solutions- Graphical Methods,250713,991,45,0,92,PT52M11S
UC640y4UvDAlya_WOj5U4pfA,pzbSURDWluA,nptelhrd,Lec-2 Linear Programming Formulations (Contd...),193005,489,16,0,60,PT52M8S
UC640y4UvDAlya_WOj5U4pfA,wdGiekwXM2w,nptelhrd,Lec-5 Simplex Algorithm-Minimization Problems,354722,1069,42,0,118,PT52M11S
UC640y4UvDAlya_WOj5U4pfA,gmDwUCvOJQ8,nptelhrd,Lec-8 Introduction to Duality,166968,645,19,0,87,PT51M3S
UC640y4UvDAlya_WOj5U4pfA,A1SWKe6ZwVc,nptelhrd,Lec-1 Solid Mechanics,395783,775,53,0,54,PT59M50S
UC640y4UvDAlya_WOj5U4pfA,yYIVumq6sVM,nptelhrd,Mod-1 Lec-1 Production Planning and Control,260113,797,37,0,37,PT1H1M8S
UC640y4UvDAlya_WOj5U4pfA,Yy-8e3sCr0U,nptelhrd,Mod-01 Lec - 1 Geographic Information System An Introduction,111888,265,26,0,37,PT28M10S
UC640y4UvDAlya_WOj5U4pfA,P7gVp333B6M,nptelhrd,Mod-1 Lec-1 Solution of ODE of First Order and First Degree,126993,136,12,0,11,PT53M50S
UC640y4UvDAlya_WOj5U4pfA,bd5XkVqdWOg,nptelhrd,Lecture -13 Superhet Receiver etc,88185,240,10,0,29,PT49M41S
UC640y4UvDAlya_WOj5U4pfA,EgKc9L7cbKc,nptelhrd,Lecture - 1 An Introduction to CAD,381624,1330,120,0,49,PT51M14S
UC640y4UvDAlya_WOj5U4pfA,GOkZs2RZMQY,nptelhrd,Mod-01 Lec-10 Hamiltonian dynamics (Part 1),104550,714,19,0,68,PT1H6M30S
UC640y4UvDAlya_WOj5U4pfA,clTA0pONnMs,nptelhrd,Module - 4 Lecture - 1 Operational Amplifier (Introduction),263088,603,117,0,71,PT59M11S
UC640y4UvDAlya_WOj5U4pfA,KsG_rsGF2g8,nptelhrd,Module - 3 Lecture - 1 Metal Oxide Semiconductor Field,84244,220,12,0,19,PT59M9S
UC640y4UvDAlya_WOj5U4pfA,bsybS5fZGjY,nptelhrd,Mod-01 Lec-08 Summary of classical electromagnetism,84084,619,8,0,95,PT1H13M24S
UC640y4UvDAlya_WOj5U4pfA,0Zo93VDyacE,nptelhrd,Mod-01 Lec-03 Dynamics in phase space,131631,714,28,0,75,PT1H5M44S
UC640y4UvDAlya_WOj5U4pfA,2CsMpEBl5QY,nptelhrd,Lecture - 24  X-Ray Diffraction,177129,599,45,0,49,PT51M54S
UC640y4UvDAlya_WOj5U4pfA,gnD8Se92hfk,nptelhrd,Lecture - 1 Simple Harmonic Oscillators,140919,430,20,0,23,PT53M50S
UC640y4UvDAlya_WOj5U4pfA,QlwcPjHpnH0,nptelhrd,Lecture - 39 Latch - up in CMOS,88038,328,17,0,13,PT40M37S
UC640y4UvDAlya_WOj5U4pfA,db5nZCipJh8,nptelhrd,Lecture - 6 Defects in Crystal + Crystal growth,76895,272,18,0,22,PT49M17S
UC640y4UvDAlya_WOj5U4pfA,9SnR3M3CIm4,nptelhrd,Lecture - 1 Introduction on VLSI Design,562620,2313,69,0,153,PT49M2S
UC640y4UvDAlya_WOj5U4pfA,_j-YEdsVV74,nptelhrd,Lecture - 2 Bipolar Junction Transistor Fabrication,120192,384,26,0,48,PT48M48S
UC640y4UvDAlya_WOj5U4pfA,8X1x9RLaaxc,nptelhrd,Mod-01 Lec-02 Newtonian mechanics,202645,1133,26,0,127,PT1H4M47S
UC640y4UvDAlya_WOj5U4pfA,ZFUnpwNRUwA,nptelhrd,Lecture - 7 Quantum Physics,96108,304,5,0,35,PT1H7M51S
UC640y4UvDAlya_WOj5U4pfA,wzoPHorPwis,nptelhrd,Lecture - 6 Classical Vs Quantum Mechanics,109037,435,12,0,35,PT57M52S
UC640y4UvDAlya_WOj5U4pfA,G_7ZE-1yo4k,nptelhrd,Lecture - 5 Linear operations in a linear vector space and their eigenvalues,66433,243,9,0,30,PT1H5M21S
UC640y4UvDAlya_WOj5U4pfA,HAuLXbeEV8U,nptelhrd,Lecture - 4 Functions in a linear vector space,76643,247,10,0,27,PT59M5S
UC640y4UvDAlya_WOj5U4pfA,NnsrEsGpv1I,nptelhrd,Lecture - 3 Equilibrium Carrier Concentration,81272,282,9,0,32,PT55M45S
UC640y4UvDAlya_WOj5U4pfA,QDPzZC95L_Y,nptelhrd,Lecture - 2 Evolution and Uniqueness of Semiconductor,76841,238,3,0,25,PT58M12S
UC640y4UvDAlya_WOj5U4pfA,Kp-jS6NHsB8,nptelhrd,Lecture - 1 Introduction on Solid State Devices,362626,1009,33,0,80,PT59M12S
UC640y4UvDAlya_WOj5U4pfA,y3ARLfm-52w,nptelhrd,Lecture - 2 Introduction to linear vector spaces,341581,1528,65,0,123,PT1H3M17S
UC640y4UvDAlya_WOj5U4pfA,TcmGYe39XG0,nptelhrd,Lecture - 1 Introduction to Quantum Physics;Heisenberg''s uncertainty principle,1099245,6781,215,0,706,PT1H56S
UC640y4UvDAlya_WOj5U4pfA,IGmWHUsBQ4U,nptelhrd,Lecture - 18 Forced Convection - 1,111566,302,16,0,15,PT50M41S
UC640y4UvDAlya_WOj5U4pfA,CDncSyDvpdQ,nptelhrd,Lecture - 10 Thermal Radiation - 1,153853,638,20,0,56,PT54M29S
UC640y4UvDAlya_WOj5U4pfA,6OGnB9tywtI,nptelhrd,Lecture - 29 Boiling and Condensation - 1,73739,279,22,0,14,PT55M38S
UC640y4UvDAlya_WOj5U4pfA,fnEu5g8V-5s,nptelhrd,Lecture - 12 Thermal Radiation - 3,82668,224,5,0,22,PT54M28S
UC640y4UvDAlya_WOj5U4pfA,Kj0ebo-vVAg,nptelhrd,Lecture - 26 Heat Exchangers - 2,111115,316,12,0,20,PT58M19S
UC640y4UvDAlya_WOj5U4pfA,jc_hL_tSFzo,nptelhrd,Lecture - 25 Heat Exchangers - 1,169391,704,27,0,43,PT52M2S
UC640y4UvDAlya_WOj5U4pfA,jr8Xl3zSmEw,nptelhrd,Lecture - 19 Forced Convection - 2,65488,142,10,0,12,PT50M14S
UC640y4UvDAlya_WOj5U4pfA,qa-PQOjS3zA,nptelhrd,Lecture - 1 Introduction on Heat and Mass Transfer,681927,2549,71,0,159,PT50M41S
UC640y4UvDAlya_WOj5U4pfA,CL3ups78jrs,nptelhrd,Lecture - 1 Introduction to Digital Systems Design,194822,291,36,0,19,PT59M57S
UC640y4UvDAlya_WOj5U4pfA,exctAga2KXY,nptelhrd,Lecture - 24 Principles of Pavement Design,66012,173,13,0,12,PT59M15S
UC640y4UvDAlya_WOj5U4pfA,5zKC_aq4ypM,nptelhrd,Lecture - 1 Transportation Engineering,275887,817,37,0,50,PT58M1S
UC640y4UvDAlya_WOj5U4pfA,V1m3cB-Aqy8,nptelhrd,Lecture - 1 Soil Mechanics,397800,937,62,0,75,PT41M36S
UC640y4UvDAlya_WOj5U4pfA,Fuyq6WrM1EA,nptelhrd,Lecture - 17 Photovoltaic Power Generation,87833,367,11,0,24,PT56M37S
UC640y4UvDAlya_WOj5U4pfA,GExTwRNkQBg,nptelhrd,Lecture - 21 Wind Energy I,155133,615,57,0,52,PT56M34S
UC640y4UvDAlya_WOj5U4pfA,vOo2MCYPsm4,nptelhrd,Lecture - 34 Design and Applications of Jigs and Fixtures,94335,320,13,0,12,PT55M6S
UC640y4UvDAlya_WOj5U4pfA,rC16fhvXZOo,nptelhrd,Lecture - 37 Audio and Video Compression,76832,326,17,0,23,PT56M49S
UC640y4UvDAlya_WOj5U4pfA,sG6WGvzmVaw,nptelhrd,Lecture - 1 Introduction and Course Outline - Data Communication,383879,674,30,0,53,PT1H17S
UC640y4UvDAlya_WOj5U4pfA,A0dTvf_Q8BA,nptelhrd,Lecture - 1 Instructional Objectives - I,190308,284,13,0,15,PT1H1M11S
UC640y4UvDAlya_WOj5U4pfA,9MrRZGKsCWs,nptelhrd,Lecture - 16 Flow and Error Control,67872,195,14,0,18,PT59M9S
UC640y4UvDAlya_WOj5U4pfA,81Fdif5e85c,nptelhrd,Lecture - 3 On Tool Geometry,207994,939,55,0,38,PT1H3M18S
UC640y4UvDAlya_WOj5U4pfA,bDPULOFFlaI,nptelhrd,Lecture - 39 Natural Language Processing - I,101713,294,38,0,27,PT57M29S
UC640y4UvDAlya_WOj5U4pfA,Qcl5g1UtEv4,nptelhrd,Lecture - 21 Image Enhancement Frequency,67418,131,9,0,7,PT59M47S
UC640y4UvDAlya_WOj5U4pfA,0qFhCz2o4l4,nptelhrd,Lecture 4 Pixel Relationships,117533,330,23,0,23,PT57M16S
UC640y4UvDAlya_WOj5U4pfA,CVV0TvNK6pk,nptelhrd,Lecture 1 Introduction to Digital Image Processing,546729,895,42,0,70,PT54M1S
UC640y4UvDAlya_WOj5U4pfA,d39tTuUbDVw,nptelhrd,Lecture - 2 Intelligent Agents,105887,270,14,0,38,PT56M12S
UC640y4UvDAlya_WOj5U4pfA,fV2k2ivttL0,nptelhrd,Lecture - 1 Introduction to Artificial Intelligence,396012,806,53,0,103,PT57M31S
UC640y4UvDAlya_WOj5U4pfA,wEr6mwquPLY,nptelhrd,Lecture -5 Requirements Engineering / Specification,96274,192,19,0,24,PT56M39S
UC640y4UvDAlya_WOj5U4pfA,Z6f9ckEElsU,nptelhrd,Lecture - 1 Introduction to Software Engineering,660944,1698,123,0,132,PT52M21S
UC640y4UvDAlya_WOj5U4pfA,AN5I6fFxyfs,nptelhrd,Lecture - 2 Introduction to Software Engineering,153611,252,17,0,29,PT52M56S
UC640y4UvDAlya_WOj5U4pfA,xhn188JafbM,nptelhrd,Module - 1 Lecture - 1 Semiconductor materials,610651,1322,84,0,74,PT53M13S
UC640y4UvDAlya_WOj5U4pfA,Ngu1UbRAeqQ,nptelhrd,Lecture -18 Processor Design,82805,403,17,0,16,PT45M49S
UC640y4UvDAlya_WOj5U4pfA,HbsuwpJgKao,nptelhrd,Lecture -3 Instruction Set Architecture - I,183560,367,28,0,23,PT52M18S
UC640y4UvDAlya_WOj5U4pfA,m5c27rQtD2E,nptelhrd,Lecture - 34 Data Mining and Knowledge Discovery,137165,287,38,0,48,PT54M46S
UC640y4UvDAlya_WOj5U4pfA,TbvhGcf6UJU,nptelhrd,Lecture - 12 AVL Trees,158791,469,27,0,60,PT1H19S
UC640y4UvDAlya_WOj5U4pfA,uhAUk63tLRM,nptelhrd,Lecture - 18 Tries,119146,440,13,0,42,PT1H1M35S
UC640y4UvDAlya_WOj5U4pfA,gtWw_8VvHjk,nptelhrd,Lecture - 10 Quick Sort,159757,302,16,0,54,PT58M44S
UC640y4UvDAlya_WOj5U4pfA,eWeqqVpgNPg,nptelhrd,Lecture - 7 Tree Walks / Traversals,128703,313,2,0,34,PT51M11S
UC640y4UvDAlya_WOj5U4pfA,zWg7U0OEAoE,nptelhrd,Lecture - 1 Introduction to Data Structures and Algorithms,1780681,4727,231,0,344,PT53M31S
UC640y4UvDAlya_WOj5U4pfA,BmayUdDaDYM,nptelhrd,Lecture - 4 Dictionaries,200609,560,25,0,39,PT53M43S
UC640y4UvDAlya_WOj5U4pfA,g1USSZVWDsY,nptelhrd,Lecture - 2 Stacks,442822,738,49,0,91,PT1H4M10S
UC640y4UvDAlya_WOj5U4pfA,PGWZUgzDMYI,nptelhrd,Lecture - 3 Queues and Linked Lists,270563,432,31,0,59,PT1H35S
UC640y4UvDAlya_WOj5U4pfA,tORLeHHtazM,nptelhrd,Lecture - 6 Trees,270814,667,22,0,62,PT43M14S
UC640y4UvDAlya_WOj5U4pfA,EUzsy3W4I0g,nptelhrd,Lecture -1 Introduction to Database Management System,766225,1069,154,0,170,PT53M32S
UC640y4UvDAlya_WOj5U4pfA,n5sULPYRgc8,nptelhrd,Lecture - 1 Feed Back Theory,108509,275,7,0,26,PT50M1S
UC640y4UvDAlya_WOj5U4pfA,whB7IX3NQpg,nptelhrd,Mechanics of Solids - IITM 1.1 Planar Rigid Body,173127,438,14,0,37,PT11M41S
UC640y4UvDAlya_WOj5U4pfA,nNcfzNjIifU,nptelhrd,Beams - BMD and SFD,333074,1349,57,0,66,PT45M41S
UC640y4UvDAlya_WOj5U4pfA,1R5R-GbYrTk,nptelhrd,Mechanics of Solids - IITM 2.7 Trusses - Method of Sections,352534,1871,85,0,109,PT16M17S
UC640y4UvDAlya_WOj5U4pfA,0C4uxtS-tlQ,nptelhrd,Lecture - 20 Bipolar Junction Transistor,417960,1346,100,0,112,PT54M23S
UC640y4UvDAlya_WOj5U4pfA,_lPvL-JLV0Y,nptelhrd,Lecture - 5 Voltage Multiplier,113666,359,14,0,29,PT56M5S
UC640y4UvDAlya_WOj5U4pfA,TXjHWGngsME,nptelhrd,Lecture - 2 Diode,620376,1524,97,0,170,PT50M41S
UC640y4UvDAlya_WOj5U4pfA,G4rl3yyyQ6c,nptelhrd,Tips and Tricks - Engineering Statics - solivng problems,517740,1712,164,0,144,PT22M28S
UC640y4UvDAlya_WOj5U4pfA,g8uqeru2LQw,nptelhrd,Mechanics of Solids - IITM 1.2 Degrees of freedom,99754,453,17,0,62,PT31M18S
UC640y4UvDAlya_WOj5U4pfA,qQcpnmJNluU,nptelhrd,Lecture - 1 Introduction,384321,683,35,0,40,PT54M30S
UC640y4UvDAlya_WOj5U4pfA,WUCMavXbJo4,nptelhrd,Lecture - 2 Sampling,302487,714,72,0,65,PT53M17S
UC640y4UvDAlya_WOj5U4pfA,oFEOryECzug,nptelhrd,"Lecture - 3 Quantization , PCM and Delta Modulation",213073,416,54,0,50,PT51M43S
UC640y4UvDAlya_WOj5U4pfA,ZW1glqkIgcw,nptelhrd,Lecture - 12 Digital Modulation Techniques (Part - 1),172958,290,40,0,31,PT53M34S
UC640y4UvDAlya_WOj5U4pfA,6h6Fi6AQiRM,nptelhrd,Lecture -18 Dynamic Programming,216409,759,17,0,93,PT52M19S
UC640y4UvDAlya_WOj5U4pfA,7KQf7f8ti1U,nptelhrd,Lecture - 2 Framework for Algorithms Analysis,128288,271,13,0,40,PT56M22S
UC640y4UvDAlya_WOj5U4pfA,5Y8Lfsreeck,nptelhrd,Lecture - 1 Overview of the course,373512,842,18,0,61,PT51M51S
UC640y4UvDAlya_WOj5U4pfA,nMsB6Soz4Hc,nptelhrd,Lecture -30 Belt Drives,110131,388,21,0,9,PT59M50S
UC640y4UvDAlya_WOj5U4pfA,erW4HZ5I928,nptelhrd,Lecture - 37 Design of Cylinders & Pressure Vessels - II,132016,348,31,0,18,PT59M49S
UC640y4UvDAlya_WOj5U4pfA,o6gBjstVjFk,nptelhrd,Lecture - 38 Control Valve - I,74754,140,6,0,7,PT59M55S
UC640y4UvDAlya_WOj5U4pfA,nhGRUmtnGB4,nptelhrd,Lecture - 6 IP Subnetting and Addressing,132390,222,8,0,24,PT1H12S
UC640y4UvDAlya_WOj5U4pfA,uUhOEj4z8Fo,nptelhrd,Lecture -25 Javascript -Part :I,126580,272,22,0,32,PT1H49S
UC640y4UvDAlya_WOj5U4pfA,-oLlHA0Uy-s,nptelhrd,Lecture -16 Extensible Markup Language (XML),83195,176,10,0,23,PT59M34S
UC640y4UvDAlya_WOj5U4pfA,QEtWL4lWlL4,nptelhrd,Lecture -13 HTML-Part-I,99580,230,12,0,17,PT59M56S
UC640y4UvDAlya_WOj5U4pfA,HcMh7ahJxfo,nptelhrd,Lecture -25 Short Circuit Analysis,141539,509,34,0,26,PT1H11S
UC640y4UvDAlya_WOj5U4pfA,BYtY61hOiaw,nptelhrd,Lecture - 2 Introduction to Single Line Diagram,195879,348,44,0,50,PT59M47S
UC640y4UvDAlya_WOj5U4pfA,MYGT1_9mwpg,nptelhrd,Lecture - 16 Power Flow - I,99157,258,21,0,15,PT59M56S
UC640y4UvDAlya_WOj5U4pfA,EIDXE28_8eQ,nptelhrd,Module 1 Lecture -1 Functions Of Buildings,299794,966,47,0,100,PT1H1M41S
UC640y4UvDAlya_WOj5U4pfA,uPAE2ZcFdo4,nptelhrd,Module 3 Lecture -1 Concrete:Material,79819,280,18,0,73,PT50M37S
UC640y4UvDAlya_WOj5U4pfA,I3u6IYWINV0,nptelhrd,Module 9 Lecture -2 Mix Design Of concrete IS Method,110237,525,42,0,23,PT55M25S
UC640y4UvDAlya_WOj5U4pfA,fqiYu6IOtmU,nptelhrd,Lecture 26 CMOS Inverter,230417,996,60,0,60,PT50M36S
UC640y4UvDAlya_WOj5U4pfA,U6i8Xmi0Y20,nptelhrd,"Lecture 36  ROM-EPROM,EEPROM and Flash EPROM",211335,1152,72,0,92,PT40M
UC640y4UvDAlya_WOj5U4pfA,QqFlHhSkayw,nptelhrd,Lecture - 4 Power Electronics,129805,276,38,0,25,PT57M6S
UC640y4UvDAlya_WOj5U4pfA,r1sLCDA-kNY,nptelhrd,Lecture - 1 Introduction to the Theory of Probability,325258,480,66,0,64,PT59M49S
UC640y4UvDAlya_WOj5U4pfA,0AuMdY3IyJ8,nptelhrd,Module -1 Lecture -2 EQUILIBRIUM - I,147597,325,23,0,19,PT55M56S
UC640y4UvDAlya_WOj5U4pfA,aTVDiRtRook,nptelhrd,Lecture - 1 Introduction to Engineering Geology,196816,558,26,0,29,PT59M53S
UC640y4UvDAlya_WOj5U4pfA,LG0YzGeAFxk,nptelhrd,Module-1 Lecture-1 Engineering Mechanics,637712,1512,73,0,119,PT1H1M58S
UC640y4UvDAlya_WOj5U4pfA,iJTHPgYAqvQ,nptelhrd,Analysis of Strain - I,78078,119,5,0,13,PT59M54S
UC640y4UvDAlya_WOj5U4pfA,tTBnW5gAieM,nptelhrd,Lecture - 39 Springs - I,67482,275,11,0,19,PT59M55S
UC640y4UvDAlya_WOj5U4pfA,dwqrOqo2sHA,nptelhrd,Analysis of Stress - IV,87149,120,18,0,8,PT59M57S
UC640y4UvDAlya_WOj5U4pfA,ITuWnrl3aKI,nptelhrd,Lecture - 22 Bending of Beams - I,173003,515,15,0,29,PT59M43S
UC640y4UvDAlya_WOj5U4pfA,iNG4bLMyeFA,nptelhrd,Analysis of Stress - 1,459035,985,71,0,77,PT1H1M6S
UC640y4UvDAlya_WOj5U4pfA,GkFgysZC4Vc,nptelhrd,Introduction - Strength of Materials,1065636,3525,178,0,171,PT59M39S
UC640y4UvDAlya_WOj5U4pfA,tas2eUavhRE,nptelhrd,Lecture 15 - Inroduction to memory system,162464,582,40,0,41,PT54M39S
UC640y4UvDAlya_WOj5U4pfA,p9wxyIx-j-c,nptelhrd,Lecture - 12 Addressing Modes,316996,1011,60,0,71,PT52M37S
UC640y4UvDAlya_WOj5U4pfA,ceuXLsuZhLE,nptelhrd,Lecture - 6 Data Path Architecture,132184,441,21,0,49,PT57M9S
UC640y4UvDAlya_WOj5U4pfA,piuWSMLNeco,nptelhrd,Lecture - 5 Processor As a State Machine,71746,195,9,0,35,PT50M55S
UC640y4UvDAlya_WOj5U4pfA,VG9VopzV_T0,nptelhrd,Lecture - 2 Introduction To System : Software,241696,713,25,0,60,PT50M4S
UC640y4UvDAlya_WOj5U4pfA,leWKvuZVUE8,nptelhrd,Lecture - 1 Introduction To Computing,686237,2073,93,0,198,PT50M46S
UC640y4UvDAlya_WOj5U4pfA,qhXZuVFhVzo,nptelhrd,Lecture - 7 Application of Diodes,163074,362,20,0,50,PT55M13S
UC640y4UvDAlya_WOj5U4pfA,U8riFeiiu3s,nptelhrd,Lecture - 7 Fourier Series (1),184468,386,25,0,36,PT52M10S
UC640y4UvDAlya_WOj5U4pfA,SNjcFH24UpI,nptelhrd,Lecture - 1 Networks and Systems Introductory Concepts (1),223692,426,18,0,18,PT55M
UC640y4UvDAlya_WOj5U4pfA,I_9Pwyxhe40,nptelhrd,Lecture - 10 Data Acquisition Systems,85558,247,17,0,15,PT59M54S
UC640y4UvDAlya_WOj5U4pfA,gByrUkZUnKo,nptelhrd,lecture - 7 Flow Measurement,130664,559,47,0,31,PT59M52S
UC640y4UvDAlya_WOj5U4pfA,As5kzxkyT24,nptelhrd,Lecture - 4 Temperature Measurement,91845,253,14,0,14,PT59M55S
UC640y4UvDAlya_WOj5U4pfA,S22u7_Eq26g,nptelhrd,Lecture - 18 Satellite Communication,158261,404,22,0,29,PT59M51S
UC640y4UvDAlya_WOj5U4pfA,KDHbP81SAmA,nptelhrd,Lecture - 19 Ethernet - CSMA/CD,108206,195,9,0,29,PT59M46S
UC640y4UvDAlya_WOj5U4pfA,f6-G7gMwpuw,nptelhrd,Lecture - 9 SONET/SDH,257908,533,46,0,58,PT59M59S
UC640y4UvDAlya_WOj5U4pfA,NSHj9BLnhj0,nptelhrd,Lecture - 2 Network Topology,254132,279,30,0,44,PT59M49S
UC640y4UvDAlya_WOj5U4pfA,3DZLItfbqtQ,nptelhrd,Lecture -1 Emergence of Networks & Reference Models,590957,760,57,0,81,PT59M48S
UC640y4UvDAlya_WOj5U4pfA,j9y0gfN9WMg,nptelhrd,Lecture - 1 Introduction to MEMS & Microsystems,100934,212,23,0,22,PT59M42S
UC640y4UvDAlya_WOj5U4pfA,7gJth7_Slls,nptelhrd,Lecture - 8 Knowledge Based Systems: Logic and Deduction,71192,178,10,0,13,PT59M55S
UC640y4UvDAlya_WOj5U4pfA,eLbMPyrw4rw,nptelhrd,Lecture - 1 Introduction,266650,372,11,0,42,PT59M46S
UC640y4UvDAlya_WOj5U4pfA,RJrEaTJuX_A,nptelhrd,Lecture - 15 Simple Digital Filters,84306,163,3,0,13,PT59M36S
UC640y4UvDAlya_WOj5U4pfA,c4piqzh7-Gw,nptelhrd,Lecture - 9 Network Theorams and Network Functions,78150,139,13,0,9,PT55M30S
UC640y4UvDAlya_WOj5U4pfA,wJ8HZ7hqUs8,nptelhrd,Lecture - 2 Project Management: An Overview,242514,594,27,0,41,PT50M36S
UC640y4UvDAlya_WOj5U4pfA,Eknlx7zHBVo,nptelhrd,Lecture - 1 Review of Signals and Systems,476972,947,41,0,73,PT42M13S
UC640y4UvDAlya_WOj5U4pfA,9P9Gs8o9oHk,nptelhrd,Lecture - 6 Project Selection,69575,206,9,0,15,PT55M9S
UC640y4UvDAlya_WOj5U4pfA,bur9hq_abog,nptelhrd,Lecture - 38 GSM and CDMA,254515,507,51,0,26,PT51M7S
UC640y4UvDAlya_WOj5U4pfA,E4OYh890IRE,nptelhrd,Lecture - 40 Material Requirements Planning,234840,950,58,0,94,PT59M58S
UC640y4UvDAlya_WOj5U4pfA,zlZaOnBbpUg,nptelhrd,Lecture - 35 The Analysis of Time Series,144776,420,19,0,48,PT59M18S
UC640y4UvDAlya_WOj5U4pfA,DVEbZ__FNRg,nptelhrd,Lecture - 34 Forecasting,162386,497,24,0,28,PT58M48S
UC640y4UvDAlya_WOj5U4pfA,GpqMAzGEXXk,nptelhrd,Lecture - 7 FIR & IIR; Recursive & Non Recursive,116460,304,10,0,20,PT56M27S
UC640y4UvDAlya_WOj5U4pfA,ZqoX2W1N6l0,nptelhrd,Lecture - 13 Lipids and Membranes 1,108565,412,13,0,47,PT52M1S
UC640y4UvDAlya_WOj5U4pfA,jLyi2K-29xU,nptelhrd,Lecture - 20 Nucleic Acids 1,102176,393,18,0,28,PT59M47S
UC640y4UvDAlya_WOj5U4pfA,6AfRX6oh9-E,nptelhrd,Lecture - 12 Myoglobin and Hemoglobin,76427,289,10,0,37,PT59M48S
UC640y4UvDAlya_WOj5U4pfA,lBJdZzb2cl0,nptelhrd,Lecture 8 - Mobile Radio Propagation,93709,231,16,0,13,PT58M31S
UC640y4UvDAlya_WOj5U4pfA,X0vrUM4LOmk,nptelhrd,Lecture 9 - Mobile Radio Propagation Contd,74499,189,11,0,12,PT51M1S
UC640y4UvDAlya_WOj5U4pfA,whYljse4Abc,nptelhrd,Lecture 4 - The cellular concept - System Design issues,155595,406,24,0,35,PT58M49S
UC640y4UvDAlya_WOj5U4pfA,QHDxbbc1GWs,nptelhrd,Lecture 2 - Types of Wireless communication,221895,278,26,0,31,PT55M41S
UC640y4UvDAlya_WOj5U4pfA,CUyF0YGIA5Y,nptelhrd,Lec 1 - Motivation and Introduction,292521,533,29,0,52,PT48M39S
UC640y4UvDAlya_WOj5U4pfA,y9RAhEfLfJs,nptelhrd,Lecture -1 Embedded Systems: Introduction,774620,2334,111,0,156,PT55M40S
UC640y4UvDAlya_WOj5U4pfA,qehQlT3RJu4,nptelhrd,Lecture - 6 Modelling of Circuit,110621,182,10,0,21,PT58M31S
UC640y4UvDAlya_WOj5U4pfA,TsZukmeaewc,nptelhrd,Lecture 1 - Evolution of Management Thought,170185,483,36,0,24,PT48M20S
UC640y4UvDAlya_WOj5U4pfA,FrbxxqNHn2I,nptelhrd,Lecture - 38 Induction Motor 3,181019,481,8,0,66,PT59M44S
UC640y4UvDAlya_WOj5U4pfA,ze8LY4yq9Wk,nptelhrd,Lecture - 37 Induction Motor 2,210031,706,17,0,95,PT1H1M38S
UC640y4UvDAlya_WOj5U4pfA,dZyO5gcWP-o,nptelhrd,lecture 36 - Induction motor,652086,2257,75,0,213,PT1H1M
UC640y4UvDAlya_WOj5U4pfA,cv2L7CfBYrA,nptelhrd,Lecture - 35 Three Phase Transformer 2,174719,389,24,0,29,PT1H1M38S
UC640y4UvDAlya_WOj5U4pfA,yzG-t0sLUgM,nptelhrd,Lecture - 20 The Practical Transformer,109702,234,9,0,26,PT58M33S
UC640y4UvDAlya_WOj5U4pfA,D4RFFnzRdkk,nptelhrd,Lecture - 23 DC Machine,321417,875,52,0,82,PT1H1M6S
UC640y4UvDAlya_WOj5U4pfA,ZZEZUysFPDY,nptelhrd,Lecture - 3 Passive Components,240364,770,44,0,67,PT1H2M18S
UC640y4UvDAlya_WOj5U4pfA,yurSdXxaIFo,nptelhrd,Lecture - 1 Introduction,105530,157,21,0,36,PT1H4M12S
UC640y4UvDAlya_WOj5U4pfA,c0i5zevJytQ,nptelhrd,Lecture - 2,184887,555,34,0,49,PT55M12S
UC640y4UvDAlya_WOj5U4pfA,qhEton-EEOw,nptelhrd,Lecture -1 Structural Analysis,726780,2307,129,0,149,PT55M
UC640y4UvDAlya_WOj5U4pfA,ZsajLQ4OiV8,nptelhrd,Module 3 - Lecture 1 Surveying,66932,183,9,0,20,PT1H31S
UC640y4UvDAlya_WOj5U4pfA,4AuwG2G_ERU,nptelhrd,Environmental Air Pollution - Introduction to Atmosphere,94623,156,17,0,19,PT48M52S
UC640y4UvDAlya_WOj5U4pfA,MhbU0qyYt48,nptelhrd,Module 7 Lecture 1 Surveying,67515,233,13,0,9,PT59M52S
UC640y4UvDAlya_WOj5U4pfA,fx1uUek3Iqg,nptelhrd,Lecture 1 - Water Resources  Engineering,174330,373,34,0,36,PT39M58S
UC640y4UvDAlya_WOj5U4pfA,Wj2g9Cf_IDc,nptelhrd,Lecture - 2 Amino Acids II,168533,735,25,0,77,PT57M
UC640y4UvDAlya_WOj5U4pfA,DhwAp6yQHQI,nptelhrd,Lecture - 1 Amino Acids I,679813,2784,109,0,281,PT54M3S
UC640y4UvDAlya_WOj5U4pfA,IWgNA9ynfGs,nptelhrd,Lecture - 25 Metabolism I,119917,386,12,0,43,PT59M54S
UC640y4UvDAlya_WOj5U4pfA,aeC7M9PDjQw,nptelhrd,Lecture - 17 Carbohydrates II,106916,342,20,0,30,PT53M26S
UC640y4UvDAlya_WOj5U4pfA,iuW3nk5EADg,nptelhrd,Lecture - 16 Carbohydrates I,165318,684,30,0,69,PT52M49S
UC640y4UvDAlya_WOj5U4pfA,Fp1wKo72b2A,nptelhrd,Lecture - 4 Protein structure II,146327,347,14,0,41,PT54M5S
UC640y4UvDAlya_WOj5U4pfA,8BeXwhljq2g,nptelhrd,Lec 1 - Introduction To Problem Solving and Programming,123243,154,27,0,13,PT22M20S
UC640y4UvDAlya_WOj5U4pfA,qAOJzp7ckGo,nptelhrd,Lecture - 34  Psychrometry,166319,641,63,0,51,PT59M19S
UC640y4UvDAlya_WOj5U4pfA,F_7OhKUYV5c,nptelhrd,Lec-1 Fluid Mechanics,588828,1155,105,0,142,PT51M6S
UC640y4UvDAlya_WOj5U4pfA,fK_j_3ZJwuk,nptelhrd,Lecture - 24 Automatic Generation Control,82582,434,17,0,26,PT48M37S
UC640y4UvDAlya_WOj5U4pfA,y_UJvHMEun0,nptelhrd,Lecture - 11 Capacitance of Transmission Lines,73156,174,15,0,17,PT53M36S
UC640y4UvDAlya_WOj5U4pfA,lr1jgbR5ca8,nptelhrd,Lecture - 10 Transmission Line Parameters,139826,463,43,0,10,PT44M17S
UC640y4UvDAlya_WOj5U4pfA,uy9lZCdkQIM,nptelhrd,Lectures - 1 Electric Energy Systems,346372,1007,44,0,51,PT54M15S
UC640y4UvDAlya_WOj5U4pfA,zqXgmVnI3L8,nptelhrd,Lecture -1 History of Refrigeration,390918,851,48,0,81,PT59M32S
UC640y4UvDAlya_WOj5U4pfA,N0hTFnvIE7A,nptelhrd,module 12 Lectrue 1 Kinematics Of Machines,156404,669,31,0,38,PT51M26S
UC640y4UvDAlya_WOj5U4pfA,55tKVBVQDUY,nptelhrd,Module 10 Lecture 1 Kinematics Of Machines,115376,623,13,0,38,PT55M33S
UC640y4UvDAlya_WOj5U4pfA,PSdHf6yozyc,nptelhrd,Lecture - 11 Transistor Biasing,362718,911,56,0,152,PT57M56S
UC640y4UvDAlya_WOj5U4pfA,vfVVF58FtCc,nptelhrd,Lecture - 4 Some Useful Laws in Basic Electronics,242566,474,24,0,66,PT59M5S
UC640y4UvDAlya_WOj5U4pfA,Wf19II0ts84,nptelhrd,Lecture - 3 Electronics Devices,311053,681,30,0,95,PT59M50S
UC640y4UvDAlya_WOj5U4pfA,qqQ8wO-lNmI,nptelhrd,Lecture - 2 Electronic Devices 1,432757,1163,46,0,128,PT55M9S
UC640y4UvDAlya_WOj5U4pfA,w8Dq8blTmSA,nptelhrd,Lecture - 1 Introduction to Basic Electronics,1873036,5378,380,0,520,PT56M23S
UC640y4UvDAlya_WOj5U4pfA,EVqBzOGQlkI,nptelhrd,Module 1 Lecture 2 Kinematics of machines,185912,534,16,0,40,PT36M49S
UC640y4UvDAlya_WOj5U4pfA,DPcVMEBDpAY,nptelhrd,Lecture - 6 Transformations,106048,240,18,0,16,PT55M46S
UC640y4UvDAlya_WOj5U4pfA,gje7QDlmGyU,nptelhrd,Lecture 35 - Explicit and Implicit Methods,86120,334,26,0,22,PT59M1S
UC640y4UvDAlya_WOj5U4pfA,CogfMjKUGc0,nptelhrd,Lecture 31 - Solving Ordinary Differential Equations,86677,162,19,0,10,PT58M37S
UC640y4UvDAlya_WOj5U4pfA,fwzYuhduME4,nptelhrd,Lecture - 1 Introduction to computer graphics,610846,1364,112,0,152,PT54M9S
UC640y4UvDAlya_WOj5U4pfA,mKrwrQMT0a4,nptelhrd,Lecture 3 - Pointers And Arrays,175242,317,25,0,47,PT1H8S
UC640y4UvDAlya_WOj5U4pfA,zjyR9e-N1D4,nptelhrd,Lecture 1 - Programing Basics,415445,737,61,0,84,PT57M21S
UC640y4UvDAlya_WOj5U4pfA,dZKvUyIdMhk,nptelhrd,Introduction - Intelligent Systems Control,87824,126,18,0,12,PT59M29S
UC640y4UvDAlya_WOj5U4pfA,XGQr1uEX-Dc,nptelhrd,Module 14 - Lecture 1 - Vibration Measurement,81969,235,13,0,11,PT1H3M51S
UC640y4UvDAlya_WOj5U4pfA,L4fCMzC46Tg,nptelhrd,Admittance Smith Chart,68856,210,5,0,13,PT54M20S
